index,url,valid,domain,title,description,image,published,archive,content,quote,language,keyword
https://www.zeit.de/news/2025-09/01/sonne-wolken-und-regen-in-hessen,https://www.zeit.de/news/2025-09/01/sonne-wolken-und-regen-in-hessen,0,www.zeit.de,"Vorhersage: Sonne, Wolken und Regen in Hessen","Hier finden Sie Informationen zu dem Thema „Vorhersage“. Lesen Sie jetzt „Sonne, Wolken und Regen in Hessen“.",https://img.zeit.de/news/2025-09/01/sonne-wolken-und-regen-in-hessen-image-group/wide__1300x731,2025-09-01T05:27:30Z,,"Das Wetter bleibt zum Wochenstart wechselhaft mit Sonne, Wolken und auch Schauern. Zum meteorologischen Herbstanfang steigen die Temperaturen heute teils über 20 Grad, wie der Deutsche Wetterdienst i… [+330 chars]",,de,'Regen'
https://www.zeit.de/news/2025-09/01/naechste-regenfront-vor-der-tuer,https://www.zeit.de/news/2025-09/01/naechste-regenfront-vor-der-tuer,0,www.zeit.de,Wettervorhersage: Nächste Regenfront vor der Tür,Hier finden Sie Informationen zu dem Thema „Wettervorhersage“. Lesen Sie jetzt „Nächste Regenfront vor der Tür“.,https://img.zeit.de/news/2025-09/01/naechste-regenfront-vor-der-tuer-image-group/wide__1300x731,2025-09-01T07:07:24Z,https://web.archive.org/web/20250901073514/https://www.zeit.de/news/2025-09/01/naechste-regenfront-vor-der-tuer,Nach einem kurzen sonnigen Intermezzo kommt die bereits die nächste Regenfront auf Bayern zu. Mit dem Eintreffen des Tiefs «Ulrich» erwartet der Deutsche Wetterdienst ab dem Nachmittag allmählich stä… [+294 chars],,de,'Regen'
https://www.stern.de/gesellschaft/badeunfall--der-tag--der-das-leben-meines-kindes-fuer-immer-veraenderte-35987778.html,https://www.stern.de/gesellschaft/badeunfall--der-tag--der-das-leben-meines-kindes-fuer-immer-veraenderte-35987778.html,0,www.stern.de,Tragischer Badeunfall: Sie wollen Geburtstag feiern. Dann verunglückt Marisas Kind im Freibad,Erst nach 30 Minuten ohne Sauerstoff konnte der kleine Kaio wiederbelebt werden. Heute pflegt Marisa ihn rund um die Uhr. Hier spricht sie über den verhängnisvollen Tag.,https://image.stern.de/35987176/t/Li/v4/w1440/r1.7778/-/pflegende-mutter-marisa.jpg,2025-09-01T07:56:00Z,http://archive.md/20250901203727/https://www.stern.de/gesellschaft/badeunfall--der-tag--der-das-leben-meines-kindes-fuer-immer-veraenderte-35987778.html,"Zugang zu stern+statt 11,96 
 nur 1  
<ul><li>Alles von stern+ mit erstklassigen Inhalten von GEO und Capital</li><li>4 Wochen testen, dann 2,99  je Woche</li><li>jederzeit kündbar</li></ul>",,de,'Freibad'
https://www.urlaubspiraten.de/reise-journal/de-berliner-baeder-oeffnen-erstmals-fuer-hunde,https://www.urlaubspiraten.de/reise-journal/de-berliner-baeder-oeffnen-erstmals-fuer-hunde,0,www.urlaubspiraten.de,Berliner Bäder öffnen erstmals für Hunde ,"Viele Hunde sind absolute Wasserraten! Aber während die Zweibeiner sich im Freibad vergnügen, müssen die Vierbeiner meist zu Hause bleiben.Das wollen zwei Berliner Freibäder jetzt ändern und das Hundebaden möglich machen!",https://image.urlaubspiraten.de/720/image/upload/v1756715506/Impressions%20and%20Other%20Assets/shutterstock_1818691745_kftmrj.jpg,2025-09-01T08:36:04Z,https://web.archive.org/web/20250902202525/https://www.urlaubspiraten.de/reise-journal/de-berliner-baeder-oeffnen-erstmals-fuer-hunde,Zum Ende der Badesaison soll es ein besonderes Event in zwei Berliner Freibädern geben: Das Hundeschwimmen! Möglich sein soll dies im Sommerbad am Insulaner in Steglitz und im Freibad Staaken West in… [+1187 chars],,de,'Freibad'
https://www.stern.de/panorama/verbrechen/freibad-gewalt--vor-allem-eine-gruppe-ist-tatverdaechtig-36014332.html,https://www.stern.de/panorama/verbrechen/freibad-gewalt--vor-allem-eine-gruppe-ist-tatverdaechtig-36014332.html,0,www.stern.de,Zahlen: Gewalt in Freibädern – eine Gruppe stellt die meisten Verdächtigen,"Prügeleien und sexuelle Gewalt statt Spaß im Freibad? Seit einigen Jahren gibt es die Behauptung, Migranten würden deutsche Bäder unsicher machen. Das Bild ist komplexer.",https://image.stern.de/36014362/t/O4/v3/w1440/r1.7778/-/freibad-gewalt.jpg,2025-09-01T08:37:00Z,,"Kopiere den aktuellen Link
Zur Merkliste hinzufügen
Prügeleien und sexuelle Gewalt statt Spaß im Freibad? Seit einigen Jahren gibt es die Behauptung, Migranten würden deutsche Bäder unsicher machen… [+5284 chars]",,de,'Freibad'
https://www.fitforfun.de/news/herbstliche-mahlzeit-diese-pilze-haben-echten-superfood-charakter-737368.html,https://www.fitforfun.de/news/herbstliche-mahlzeit-diese-pilze-haben-echten-superfood-charakter-737368.html,0,www.fitforfun.de,Herbstliche Mahlzeit: Diese Pilze haben echten Superfood-Charakter,"Die Blätter fallen langsam und der Herbst steht vor der Tür. Auch die Zeit der Pilze geht nun wieder los. Welche Pilze besonders gesund sind, liest du hier.","https://www.fitforfun.de/files/images/201908/1/pfifferlinge-warenkunde,377540_3x2_n.jpg",2025-09-01T11:29:00Z,,"Pfifferlinge gehören zu den beliebtesten Speisepilzen und werden gerne für verschiedene Pilzgerichte eingesetzt. Die Pilze sind einfach zuzubereiten, lecker und gesund.
Lesetipp
Lesetipp
Lesetipp… [+107 chars]",,de,'Blätter'
https://www.brigitte.de/horoskop/horoskop-ab-1-9-2025--3-sternzeichen--die-puenktlich-zum-herbst-einen-neustart-erleben-werden-14026104.html,https://www.brigitte.de/horoskop/horoskop-ab-1-9-2025--3-sternzeichen--die-puenktlich-zum-herbst-einen-neustart-erleben-werden-14026104.html,0,www.brigitte.de,"Horoskop ab 1.9.2025: 3 Sternzeichen, die pünktlich zum Herbst einen Neustart erleben werden","Mit dem Einzug des Herbstes bringen die kühleren Tage nicht nur buntere Blätter, sondern auch frische Möglichkeiten für einen Neustart für drei besondere Sternzeichen.",https://image.brigitte.de/14026122/t/zs/v1/w1440/r1.7778/-/herbst-horoskop.jpg,2025-09-01T11:33:00Z,,"Mit dem Einzug des Herbstes bringen die kühleren Tage nicht nur buntere Blätter, sondern auch frische Möglichkeiten für einen Neustart für drei besondere Sternzeichen.
Meteorologisch gesehen beginnt… [+728 chars]",,de,'Blätter'
https://www.zeit.de/news/2025-09/02/dwd-erwartet-regen-spaetsommer-laesst-auf-sich-warten,https://www.zeit.de/news/2025-09/02/dwd-erwartet-regen-spaetsommer-laesst-auf-sich-warten,0,www.zeit.de,Wettervorhersage: DWD erwartet Regen - Spätsommer lässt auf sich warten,Hier finden Sie Informationen zu dem Thema „Wettervorhersage“. Lesen Sie jetzt „DWD erwartet Regen - Spätsommer lässt auf sich warten“.,https://img.zeit.de/news/2025-09/02/dwd-erwartet-regen-spaetsommer-laesst-auf-sich-warten-image-group/wide__1300x731,2025-09-02T05:46:10Z,,"Im Südwesten sollten sich Menschen auch heute wetterfest anziehen. Es bleibt wechselhaft und nass, wie der Deutsche Wetterdienst (DWD) mitteilte. Insbesondere am Nachmittag können auch wieder einzeln… [+1000 chars]",,de,'Regen'
https://www.zeit.de/news/2025-09/02/regen-und-gewitter-laeuten-den-herbst-in-bayern-ein,https://www.zeit.de/news/2025-09/02/regen-und-gewitter-laeuten-den-herbst-in-bayern-ein,0,www.zeit.de,Wetter: Regen und Gewitter läuten den Herbst in Bayern ein,Hier finden Sie Informationen zu dem Thema „Wetter“. Lesen Sie jetzt „Regen und Gewitter läuten den Herbst in Bayern ein“.,https://img.zeit.de/news/2025-09/02/regen-und-gewitter-laeuten-den-herbst-in-bayern-ein-image-group/wide__1300x731,2025-09-02T06:12:50Z,,"Gewitter und Regen begleiten die Menschen in Bayern diese Woche. Der Deutsche Wetterdienst (DWD) kündigte für Dienstag Gewitter, Starkregen und Hagel an. Zum Abend kann die Sonne rauskommen, es bleib… [+501 chars]",,de,'Regen'
https://taz.de/taz-Sommerserie-Berlin-geht-baden-6-/!6109448/,https://taz.de/taz-Sommerserie-Berlin-geht-baden-6-/!6109448/,0,taz.de,"taz-Sommerserie „Berlin geht baden“ (6): Kindheit, Chlor, Klasse","Zwischen Pommes und Sprungbrett ist das Freibad ein Ort gelebter Utopie. Es ist ein Stück Sommer, das immer auch verloren zu gehen droht. Ein Essay.",https://taz.de/picture/7904478/1200/39082493-1.jpeg,2025-09-02T07:00:00Z,,"Zwischen Pommes und Sprungbrett ist das Freibad ein Ort gelebter Utopie. Es ist ein Stück Sommer, das immer auch verloren zu gehen droht. Ein Essay. mehr...",,de,'Freibad'
https://www.stern.de/panorama/wissen/koerperbildstoerung--wenn-das-eigene-aussehen-zur-belastung-wird-35989788.html,https://www.stern.de/panorama/wissen/koerperbildstoerung--wenn-das-eigene-aussehen-zur-belastung-wird-35989788.html,0,www.stern.de,"Körperbildstörung: Sommer, Sonne, Selbstzweifel? Wenn das eigene Aussehen zur Belastung wird","Ob auf Instagram oder im Freibad – überall begegnen uns ""perfekte"" Körper. Warum das viele Menschen krank macht und was Betroffenen hilft, erklärt eine Psychotherapeutin.",https://image.stern.de/36018932/t/Rl/v2/w1440/r1.7778/-/koerper-sonne-aufmacher-neu.jpg,2025-09-02T11:23:00Z,http://archive.md/20250902133040/https://www.stern.de/panorama/wissen/koerperbildstoerung--wenn-das-eigene-aussehen-zur-belastung-wird-35989788.html,"Zugang zu stern+statt 11,96 
 nur 1  
<ul><li>Alles von stern+ mit erstklassigen Inhalten von GEO und Capital</li><li>4 Wochen testen, dann 2,99  je Woche</li><li>jederzeit kündbar</li></ul>",,de,'Freibad'
https://www.tagesspiegel.de/berlin/berliner-autorin-und-it-girl-jovana-reisinger-ich-finde-meine-freunde-die-sich-ausschliesslich-im-soho-house-aufhalten-unfassbar-14263412.html,https://www.tagesspiegel.de/berlin/berliner-autorin-und-it-girl-jovana-reisinger-ich-finde-meine-freunde-die-sich-ausschliesslich-im-soho-house-aufhalten-unfassbar-14263412.html,0,www.tagesspiegel.de,"Berliner Autorin und It-Girl Jovana Reisinger: „Ich finde meine Freunde, die sich ausschließlich im Soho-House aufhalten, unfassbar“","Jovana Reisinger schreibt Bücher, inszeniert Theaterstücke und dreht Filme. Im Kreuzberger Kult-Freibad spricht sie über feministischen Klassenkampf und die besten Party-Häppchen.",https://www.tagesspiegel.de/images/14265593/alternates/BASE_16_9_W1400/1756825325000/jovana-reisinger.jpeg,2025-09-02T16:44:40Z,http://archive.md/20250903070245/https://www.tagesspiegel.de/berlin/berliner-autorin-und-it-girl-jovana-reisinger-ich-finde-meine-freunde-die-sich-ausschliesslich-im-soho-house-aufhalten-unfassbar-14263412.html,"Jovana Reisinger schreibt Bücher, inszeniert Theaterstücke und dreht Filme. Im Kreuzberger Kult-Freibad spricht sie über feministischen Klassenkampf und die besten Party-Häppchen.",,de,'Freibad'
https://www.stern.de/gesellschaft/regional/hessen/abschied--trotz-regen--hessens-freibaeder-ziehen-meist-positive-bilanz-36023686.html,https://www.stern.de/gesellschaft/regional/hessen/abschied--trotz-regen--hessens-freibaeder-ziehen-meist-positive-bilanz-36023686.html,0,www.stern.de,Abschied: Trotz Regen: Hessens Freibäder ziehen meist positive Bilanz,Fulda/Hanau/Darmstadt/Gießen/Wiesbaden (lhe) - Die Freibadsaison 2025 neigt sich dem Ende zu. In Hessen schließen die ersten Freibäder. Obwohl der Sommer,https://image.stern.de/36023688/t/Vd/v1/w1440/r1.7778/-/03--4kgeojbcqwv9axs2048jpeg---992c93c3ed91a726.jpg,2025-09-03T02:00:43Z,,"Kopiere den aktuellen Link
Zur Merkliste hinzufügen
Hundebadetag in Hanau, zufriedene Gesichter in Fulda und ein fliegender Wechsel in Darmstadt: Wie die Freibadsaison 2025 zu Ende geht.
Die Freib… [+4715 chars]",,de,'Freibad'
https://www.zeit.de/news/2025-09/03/trotz-regen-hessens-freibaeder-ziehen-meist-positive-bilanz,https://www.zeit.de/news/2025-09/03/trotz-regen-hessens-freibaeder-ziehen-meist-positive-bilanz,0,www.zeit.de,Abschied: Trotz Regen: Hessens Freibäder ziehen meist positive Bilanz,Hier finden Sie Informationen zu dem Thema „Abschied“. Lesen Sie jetzt „Trotz Regen: Hessens Freibäder ziehen meist positive Bilanz“.,https://img.zeit.de/news/2025-09/03/trotz-regen-hessens-freibaeder-ziehen-meist-positive-bilanz-image-group/wide__1300x731,2025-09-03T02:00:43Z,,"Die Freibadsaison 2025 neigt sich dem Ende zu. In Hessen schließen die ersten Freibäder. Obwohl der Sommer auch öfter Regenwetter zu bieten hatte, fällt die Bilanz vielerorts überraschend gut aus. De… [+4303 chars]",,de,'Regen'
https://t3n.de/news/zu-viel-gruener-strom-warum-die-angst-vor-netzinstabilitaet-ein-mythos-ist-1701835/,https://t3n.de/news/zu-viel-gruener-strom-warum-die-angst-vor-netzinstabilitaet-ein-mythos-ist-1701835/,0,t3n.de,Zu viel grüner Strom? Warum die Angst vor Netzinstabilität ein Mythos ist,"Sonne und Wind liefern genug Strom – die Kunst ist, ihn intelligent zu speichern und zu nutzen. KI könnte das schon heute steuern. Warum bleibt dieses Potenzial noch ungenutzt? Es ist 2045, der Weltuntergang ist ausgeblieben. Keine dystopischen Staubstürme, k…",https://cdn.t3n.de/news/wp-content/uploads/2025/08/t3n_Fotos_Jubilaeum_Artikel_Sophia_Roediger_Credits_1KOMMA5°.png?class=content,2025-09-03T05:30:29Z,,"Es ist 2045, der Weltuntergang ist ausgeblieben. Keine dystopischen Staubstürme, keine Gaskraftwerk-Landschaften stattdessen: vollelektrifizierte Städte, grün und blühend. Flirrende Solarmodule auf j… [+4811 chars]",,de,'Energiekrise'
https://www.stern.de/news/krankenkassen-warnen-vor-neuen-beitragserhoehungen-ohne-rasche-reformen-36024262.html,https://www.stern.de/news/krankenkassen-warnen-vor-neuen-beitragserhoehungen-ohne-rasche-reformen-36024262.html,0,www.stern.de,Krankenkassen warnen vor neuen Beitragserhöhungen ohne rasche Reformen,"Vor dem Koalitionsausschuss im Kanzleramt haben die gesetzlichen Krankenkassen vor weiter steigenden Beiträgen zum Jahreswechsel gewarnt, sollte es keine baldigen Reformen geben. ""Die Politik muss rasch handeln, denn sonst werden die Zusatzbeiträge zum 1. Jan…",https://image.stern.de/36024264/t/CV/v1/w1440/r1.7778/-/03--arzt-in-praxis---6d7317f171376f7e.jpg,2025-09-03T08:02:48Z,,"Kopiere den aktuellen Link
Zur Merkliste hinzufügen
Vor dem Koalitionsausschuss im Kanzleramt haben die gesetzlichen Krankenkassen vor weiter steigenden Beiträgen zum Jahreswechsel gewarnt, sollte … [+2580 chars]",,de,'Jahreswechsel'
https://www.n-tv.de/wissen/Abholzung-macht-Amazonas-heisser-und-trockener-article26007849.html,https://www.n-tv.de/wissen/Abholzung-macht-Amazonas-heisser-und-trockener-article26007849.html,0,www.n-tv.de,Dramatische Folgen für Regenwald: Abholzung macht Amazonas heißer und trockener,"Der größte Regenwald der Erde steht massiv unter Druck: Die Abholzung im Amazonas führt zu weniger Regen in der Trockenzeit und steigenden Temperaturen, wie eine neue Studie zeigt. Forschende warnen vor dramatischen Folgen für das Ökosystem.",https://www.n-tv.de/img/incoming/crop26007869/0461324474-cImg_16_9-w1200/525232577.jpg,2025-09-03T13:39:14Z,,"Der größte Regenwald der Erde steht massiv unter Druck: Die Abholzung im Amazonas führt zu weniger Regen in der Trockenzeit und steigenden Temperaturen, wie eine neue Studie zeigt. Forschende warnen … [+3857 chars]",,de,'Blätter'
https://fm4.orf.at/stories/3049553/,https://fm4.orf.at/stories/3049553/,0,fm4.orf.at,Schön war’s mit Clipse Tyler und Ghostface,"Der Sommer ist vorüber, der HipHop Lesekreis ist zurück aus dem Freibad und trifft sich wieder zu seinen wöchentlichen Debatten. In dieser Folge lassen Mahdi, Trishes und Nats ihre musikalischen Lieblingsereignisse des Sommers Revue passieren.",https://tubestatic.orf.at/static/images/site/tube/20250936/hiphoplesekreisclipse.6032744.jpg,2025-09-03T14:23:00Z,https://web.archive.org/web/20250904080809/https://fm4.orf.at/stories/3049553/,"Der Sommer ist vorüber, der HipHop Lesekreis ist zurück aus dem Freibad und trifft sich wieder zu seinen wöchentlichen Debatten. In dieser Folge lassen Mahdi, Trishes und Nats ihre musikalischen Lieb… [+3581 chars]",,de,'Freibad'
https://www.zeit.de/news/2025-09/04/ranger-als-regelwaechter-im-naturschutzgebiet,https://www.zeit.de/news/2025-09/04/ranger-als-regelwaechter-im-naturschutzgebiet,0,www.zeit.de,Umweltschutz: Ranger - als Regelwächter im Naturschutzgebiet,Hier finden Sie Informationen zu dem Thema „Umweltschutz“. Lesen Sie jetzt „Ranger - als Regelwächter im Naturschutzgebiet“.,https://img.zeit.de/news/2025-09/04/ranger-als-regelwaechter-im-naturschutzgebiet-image-group/wide__1300x731,2025-09-04T04:00:45Z,,"Ein frischer Wind weht an diesem Augustmorgen über die Küste bei Behrensdorf. Die Ostseewellen zeigen kleine Schaumkronen, eine Schar von Graugänsen fliegt über den Binnensee gleich hinter den Dünen.… [+5508 chars]",,de,'Natur'
https://www.zeit.de/news/2025-09/04/unwettergefahr-im-suedosten-bis-zu-40-liter-regen-erwartet,https://www.zeit.de/news/2025-09/04/unwettergefahr-im-suedosten-bis-zu-40-liter-regen-erwartet,0,www.zeit.de,Wetterbericht: Unwettergefahr im Südosten – bis zu 40 Liter Regen erwartet,Hier finden Sie Informationen zu dem Thema „Wetterbericht“. Lesen Sie jetzt „Unwettergefahr im Südosten – bis zu 40 Liter Regen erwartet“.,https://img.zeit.de/news/2025-09/04/unwettergefahr-im-suedosten-bis-zu-40-liter-regen-erwartet-image-group/wide__1300x731,2025-09-04T04:18:26Z,,Vor allem im Südosten und Osten Baden-Württembergs drohen ab dem späten Nachmittag teils unwetterartige Gewitter mit heftigem Starkregen. Der Deutsche Wetterdienst (DWD) warnt vor bis zu 25 Litern Re… [+1781 chars],,de,'Regen'
https://www.zeit.de/news/2025-09/04/erst-regen-dann-sonne-zum-ende-der-woche,https://www.zeit.de/news/2025-09/04/erst-regen-dann-sonne-zum-ende-der-woche,0,www.zeit.de,Wettervorschau: Erst Regen - dann Sonne zum Ende der Woche,Hier finden Sie Informationen zu dem Thema „Wettervorschau“. Lesen Sie jetzt „Erst Regen - dann Sonne zum Ende der Woche“.,https://img.zeit.de/news/2025-09/04/erst-regen-dann-sonne-zum-ende-der-woche-image-group/wide__1300x731,2025-09-04T05:35:28Z,,"In den nächsten Tagen können sich die Menschen in Nordrhein-Westfalen nach Regen am Wochenende auf Sonne freuen. Wie der Deutsche Wetterdienst (DWD) mitteilte, bleibt es heute zunächst trocken. Von S… [+563 chars]",,de,'Regen'
https://www.stern.de/gesellschaft/regional/berlin-brandenburg/fliegen-und-rasten--kranichsaison-in-brandenburg-beginnt---15-000-tiere-erwartet-36027616.html,https://www.stern.de/gesellschaft/regional/berlin-brandenburg/fliegen-und-rasten--kranichsaison-in-brandenburg-beginnt---15-000-tiere-erwartet-36027616.html,0,www.stern.de,Fliegen und rasten: Kranichsaison in Brandenburg beginnt – 15.000 Tiere erwartet,"Bis zu 15.000 Kraniche werden in Brandenburg erwartet. Warum die Vögel hier Rast machen und welche Herausforderungen sie dabei haben, erklärt eine Expertin.",https://image.stern.de/36027618/t/VB/v1/w1440/r1.7778/-/04--oxo2npfdmvv4axs2048jpeg---a9cf22d8259053f1.jpg,2025-09-04T08:40:33Z,,"Kopiere den aktuellen Link
Zur Merkliste hinzufügen
Bis zu 15.000 Kraniche werden in Brandenburg erwartet. Warum die Vögel hier Rast machen und welche Herausforderungen sie dabei haben, erklärt ein… [+1721 chars]",,de,'Vögel'
https://www.stern.de/gesellschaft/regional/baden-wuerttemberg/wettervorhersage--gewitter--hagel--starkregen--unwettergefahr-steigt-im-sueden-36026992.html,https://www.stern.de/gesellschaft/regional/baden-wuerttemberg/wettervorhersage--gewitter--hagel--starkregen--unwettergefahr-steigt-im-sueden-36026992.html,0,www.stern.de,"Wettervorhersage: Gewitter, Hagel, Starkregen: Unwettergefahr steigt im Süden","Wo und wie stark die Unwetter werden, bleibt laut DWD schwer vorhersehbar. Am Wochenende beruhigt sich das Wetter – mit Aussicht auf Sonne und steigende Temperaturen.",https://image.stern.de/36027916/t/S8/v1/w1440/r1.7778/-/04--st5zg5btsyv1axs2048jpeg---4b847cf5f179a15f.jpg,2025-09-04T09:33:58Z,,"Kopiere den aktuellen Link
Zur Merkliste hinzufügen
Wo und wie stark die Unwetter werden, bleibt laut DWD schwer vorhersehbar. Am Wochenende beruhigt sich das Wetter mit Aussicht auf Sonne und stei… [+2856 chars]",,de,'Sonne'
https://www.horizont.net/medien/nachrichten/julia-schleunung-geht-das-ist-die-neue-geschaeftsfuehrerin-von-iq-media-marketing-230235,https://www.horizont.net/medien/nachrichten/julia-schleunung-geht-das-ist-die-neue-geschaeftsfuehrerin-von-iq-media-marketing-230235,0,www.horizont.net,Julia Schleunung geht: Das ist die neue Geschäftsführerin von IQ Media Marketing,"Der Vermarkter IQ Media Marketing bekommt mit dem Jahreswechsel eine neue Chefin: Julia Schleunung verlässt den Vermarkter zum Ende des Jahres auf eigenen Wunsch. Ihre Nachfolgerin wird Anja Visscher, die bislang Medienunternehmen beraten hat.",https://www.horizont.net/news/media/48/Anja-Visscher--IQ-Media-Marketing--2025-479557.png,2025-09-04T09:44:00Z,,Der Vermarkter IQ Media Marketing bekommt mit dem Jahreswechsel eine neue Chefin: Julia Schleunung verlässt den Vermarkter zum Ende des Jahres auf eigenen Wunsch. Ihre Nachfolgerin wird Anja Visscher… [+332 chars],,de,'Jahreswechsel'
https://www.diepresse.com/20061189/kaltfront-am-freitag-wochenende-aber-sonnig,https://www.diepresse.com/20061189/kaltfront-am-freitag-wochenende-aber-sonnig,0,www.diepresse.com,"Kaltfront am Freitag, Wochenende aber sonnig",Das Wetter am Freitag wird dominiert von Regenschauern und Wolken. Samstag und Sonntag sind jedoch überwiegend sonnig. Zu Wochenbeginn kehrt dann der Regen wieder zurück.,https://img.diepresse.com/public/incoming/pzkiol-kein-Titel/alternates/DPR_SOCIAL_NACHRICHTEN/kein%20Titel,2025-09-04T10:11:23Z,,"Das Wetter am Freitag wird dominiert von Regenschauern und Wolken. Samstag und Sonntag sind jedoch überwiegend sonnig. Zu Wochenbeginn kehrt dann der Regen wieder zurück.
Österreich wird am Freitag … [+2793 chars]",,de,'Regen'
https://www.stern.de/gesellschaft/regional/sachsen/erntebilanz--bauern-fahren-gute-getreideernte-ein---erloese-sinken-36028096.html,https://www.stern.de/gesellschaft/regional/sachsen/erntebilanz--bauern-fahren-gute-getreideernte-ein---erloese-sinken-36028096.html,0,www.stern.de,Erntebilanz: Bauern fahren gute Getreideernte ein - Erlöse sinken,Wochenlanger Regen hat die Getreideernte für Sachsens Bauern zu einer Zitterpartie gemacht. Doch die Erträge stimmen. Trotzdem plagen Ackerbaubetriebe finanzielle Sorgen.,https://image.stern.de/36028098/t/PQ/v1/w1440/r1.7778/-/04--v6aoco7v6yv18axs2048jpeg---1153be6c96835a0e.jpg,2025-09-04T10:15:34Z,,"Kopiere den aktuellen Link
Zur Merkliste hinzufügen
Wochenlanger Regen hat die Getreideernte für Sachsens Bauern zu einer Zitterpartie gemacht. Doch die Erträge stimmen. Trotzdem plagen Ackerbaubet… [+806 chars]",,de,'Regen'
https://www.bild.de/regional/nordrhein-westfalen/flughafen-muenster-osnabrueck-passagier-berichtet-von-horror-landung-68b93ab4e741757b51ad6af1,https://www.bild.de/regional/nordrhein-westfalen/flughafen-muenster-osnabrueck-passagier-berichtet-von-horror-landung-68b93ab4e741757b51ad6af1,0,www.bild.de,"Horror-Landung in Münster - „Ich dachte in dem Moment, das war’s“",Der Traumurlaub in Antalya  endet in Münster/Osnabrück mit Schrecken: Flugzeug rutscht fast von der Landebahn bei starkem Regen und Unwetter.,"https://images.bild.de/68b93ab4e741757b51ad6af1/6f5c27aaaedcff6dc4e3ef99faf84f7d,d130e6cd?w=1280",2025-09-04T11:01:55Z,,"Greven ErstTraumurlaub in Antalya, dann Albtraum-Rückkehr nach Deutschland. Ein Ferienflieger rauschte bei der Landung beinahe über die Piste hinaus. 
Eine Woche Sonne, Meer und All-Inclusive in Ant… [+1976 chars]",,de,'Regen'
https://www.zeit.de/news/2025-09/04/flieger-ueber-bahn-gerollt-starker-regen-bei-landung,https://www.zeit.de/news/2025-09/04/flieger-ueber-bahn-gerollt-starker-regen-bei-landung,0,www.zeit.de,Flughafen Münster Osnabrück: Flieger über Bahn gerollt - starker Regen bei Landung,Hier finden Sie Informationen zu dem Thema „Flughafen Münster Osnabrück“. Lesen Sie jetzt „Flieger über Bahn gerollt - starker Regen bei Landung“.,https://img.zeit.de/news/2025-09/04/flieger-ueber-bahn-gerollt-starker-regen-bei-landung-image-group/wide__1300x731,2025-09-04T11:07:24Z,,Bei der missglückten Landung einer Boeing 737-800 am Flughafen Münster Osnabrück hat es am Flughafen heftig geregnet. Das teilte ein Sprecher der Deutschen Flugsicherung mit. Die Piloten hätten mit d… [+1739 chars],,de,'Regen'
https://www.stern.de/gesellschaft/regional/nordrhein-westfalen/flughafen-muenster-osnabrueck--flieger-ueber-bahn-gerollt---starker-regen-bei-landung-36028380.html,https://www.stern.de/gesellschaft/regional/nordrhein-westfalen/flughafen-muenster-osnabrueck--flieger-ueber-bahn-gerollt---starker-regen-bei-landung-36028380.html,0,www.stern.de,Flughafen Münster Osnabrück: Flieger über Bahn gerollt - starker Regen bei Landung,"Einsatz am Flughafen Münster Osnabrück: Ein Flugzeug rollt über die reguläre Landebahn hinaus und beschädigt Leuchtfeuer. Es hat stark geregnet, sagt die Flugsicherung.",https://image.stern.de/36028382/t/y-/v1/w1440/r1.7778/-/04--er56awwvchv1axs2048jpeg---8288bb3329e7e903.jpg,2025-09-04T11:07:24Z,,"Kopiere den aktuellen Link
Zur Merkliste hinzufügen
Einsatz am Flughafen Münster Osnabrück: Ein Flugzeug rollt über die reguläre Landebahn hinaus und beschädigt Leuchtfeuer. Es hat stark geregnet, … [+1923 chars]",,de,'Regen'
https://www.stern.de/gesellschaft/regional/sachsen/erntebilanz--ernte-top--preise-flop--landwirte-klagen-ueber-maue-erloese-36028096.html,https://www.stern.de/gesellschaft/regional/sachsen/erntebilanz--ernte-top--preise-flop--landwirte-klagen-ueber-maue-erloese-36028096.html,0,www.stern.de,"Erntebilanz: Ernte Top, Preise Flop: Landwirte klagen über maue Erlöse",Wochenlanger Regen hat die Getreideernte für Sachsens Bauern zu einer Hängepartie gemacht. Doch die Erträge können sich sehen lassen. Trotzdem sind Ackerbaubetriebe in Sorge. Warum das?,https://image.stern.de/36028836/t/Nu/v1/w1440/r1.7778/-/04--nytbhy6vuhv9axs2048jpeg---6fa128d26f895308.jpg,2025-09-04T12:49:51Z,,"Kopiere den aktuellen Link
Zur Merkliste hinzufügen
Wochenlanger Regen hat die Getreideernte für Sachsens Bauern zu einer Hängepartie gemacht. Doch die Erträge können sich sehen lassen. Trotzdem si… [+2580 chars]",,de,'Regen'
https://www.stern.de/gesellschaft/regional/hamburg-schleswig-holstein/wetter--sonniges-wochenende-in-norddeutschland-nach-regentag-36030390.html,https://www.stern.de/gesellschaft/regional/hamburg-schleswig-holstein/wetter--sonniges-wochenende-in-norddeutschland-nach-regentag-36030390.html,0,www.stern.de,Wetter: Sonniges Wochenende in Norddeutschland nach Regentag,Hannover/ Bremen/ Hamburg/ Kiel/ Schwerin - Nach viel Regen am heutigen Freitag kann sich der Norden Deutschlands auf ein paar Sonnenstrahlen freuen.,https://image.stern.de/36030392/t/W2/v1/w1440/r1.7778/-/05--x2uuterqq2v10axs2048jpeg---454ccc8c322cff6e.jpg,2025-09-05T05:32:06Z,,"Kopiere den aktuellen Link
Zur Merkliste hinzufügen
Erst viel Regen, dann Sonne mit sommerlichen Temperaturen: Das Wetter bleibt am Wochenende wechselhaft im Norden Deutschlands.
Nach viel Regen a… [+1064 chars]",,de,'Regen'
https://www.zeit.de/news/2025-09/05/sonniges-wochenende-in-norddeutschland-nach-regentag,https://www.zeit.de/news/2025-09/05/sonniges-wochenende-in-norddeutschland-nach-regentag,0,www.zeit.de,Wetter: Sonniges Wochenende in Norddeutschland nach Regentag,Hier finden Sie Informationen zu dem Thema „Wetter“. Lesen Sie jetzt „Sonniges Wochenende in Norddeutschland nach Regentag“.,https://img.zeit.de/news/2025-09/05/sonniges-wochenende-in-norddeutschland-nach-regentag-image-group/wide__1300x731,2025-09-05T05:32:06Z,,"Nach viel Regen am heutigen Freitag kann sich der Norden Deutschlands auf ein paar Sonnenstrahlen freuen. Der Deutsche Wetterdienst (DWD) kündigte für Bremen, Niedersachsen, Hamburg, Schleswig-Holste… [+922 chars]",,de,'Regen'
https://www.zeit.de/wissen/umwelt/2025-09/phaenosphaere-hightech-gewaechshaus-pflanzenforschung,https://www.zeit.de/wissen/umwelt/2025-09/phaenosphaere-hightech-gewaechshaus-pflanzenforschung,0,www.zeit.de,PhänoSphäre: Welche Pflanzen überleben die Zukunft?,In Sachsen-Anhalt stressen Forscher etwa Mais und Soja mit Hitzewellen und Extremwettern von morgen. Um die Landwirtschaft anzupassen. Es ist ein Wettlauf gegen die Zeit.,https://img.zeit.de/wissen/umwelt/2025-09/phaenosphaere-hightech-gewaechshaus-pflanzenforschung-bild/wide__1300x731,2025-09-05T05:53:41Z,,"Inhalt
Auf einer Seite lesen
 Inhalt
<ol><li>Seite 1Welche Pflanzen überleben die Zukunft?
</li><li>Seite 2Kreativität ist gefragt, um Starkregen zu simulieren</li></ol>
Wenn Thomas Altmann den … [+6072 chars]",,de,'Hitze'
https://www.zeit.de/news/2025-09/05/sonnenschein-am-ersten-septemberwochenende,https://www.zeit.de/news/2025-09/05/sonnenschein-am-ersten-septemberwochenende,0,www.zeit.de,Ausblick: Sonnenschein am ersten Septemberwochenende,Hier finden Sie Informationen zu dem Thema „Ausblick“. Lesen Sie jetzt „Sonnenschein am ersten Septemberwochenende“.,https://img.zeit.de/news/2025-09/05/sonnenschein-am-ersten-septemberwochenende-image-group/wide__1300x731,2025-09-05T06:45:10Z,,"Temperaturen von bis zu 25 Grad und Sonnenschein: Der Spätsommer zeigt sich in Berlin und Brandenburg am Wochenende vielerorts von seiner besten Seite.
Der Freitag beginnt mit vielen Wolken, Starkre… [+678 chars]",,de,'Sonne'
https://www.brigitte.de/leben/herbst-suchbild--fast-niemand-findet-alle-----versteckten-kroeten-im-laub-13893124.html,https://www.brigitte.de/leben/herbst-suchbild--fast-niemand-findet-alle-----versteckten-kroeten-im-laub-13893124.html,0,www.brigitte.de,Suchbild: Fast niemand findet alle (!) versteckten Kröten im Laub,"Nichts steht mehr für den Herbst als ein bunter Laubhaufen. In unserem Suchbild haben sich allerdings ein paar Kröten unter die Blätter gemischt. Kannst du sie alle entdecken, bevor die Zeit abläuft?",https://image.brigitte.de/13892532/t/6j/v4/w1440/r1.7778/-/suchbild-kroeten.jpg,2025-09-05T06:49:00Z,,"05.09.2025, 08:49
Nichts steht mehr für den Herbst als ein bunter Laubhaufen. In unserem Suchbild haben sich allerdings ein paar Kröten unter die Blätter gemischt. Kannst du sie alle entdecken, bevo… [+670 chars]",,de,'Blätter'
https://www.zeit.de/zeit-magazin/wochenmarkt/2025-04/kritharaki-salat-feta-griechisch-rezept-wochenmarkt,https://www.zeit.de/zeit-magazin/wochenmarkt/2025-04/kritharaki-salat-feta-griechisch-rezept-wochenmarkt,0,www.zeit.de,Kritharaki-Salat mit Feta: Griechenland auf dem Teller,"Kritharaki, wie kleine Körner der Sonne, umspielt von Tomaten, Bohnen und duftender Minze. Gekrönt von warmem Feta, der zart im Olivenöl zerfließt.",https://img.zeit.de/zeit-magazin/wochenmarkt/2025-04/kritharaki-bohnen-tomaten-feta-rezept-wochenmarkt-teaserbild/wide__1300x731,2025-09-05T09:43:29Z,,"Mein Feinkosthändler hat wunderbare Bio-Lebensmittel aus
Griechenland, darunter auch Kritharaki (ähnlich wie die
italienischen Orzo) und frischen wilden Oregano, der mit seinem intensiv
holzigen, … [+389 chars]",,de,'Sonne'
https://www.bild.de/regional/rheinland-pfalz/unfall-in-igel-kind-bei-kollision-mit-bus-schwer-verletzt-68bacb7046b61b4dcb0bb066,https://www.bild.de/regional/rheinland-pfalz/unfall-in-igel-kind-bei-kollision-mit-bus-schwer-verletzt-68bacb7046b61b4dcb0bb066,0,www.bild.de,Igel/Liersberg - Busunfall verletzt Kind (7) schwer,In Igel kollidierte ein Radfahrer mit einem Bus und erlitt schwere Verletzungen. Die Polizei ermittelt den Unfallhergang.,"https://images.bild.de/68bacb7046b61b4dcb0bb066/59d377925f6ee44d50fb178f9dffdf97-landscape,29c59ff9?w=1280",2025-09-05T11:38:32Z,,"Trier Ein 7-jähriger Junge wurde bei einem Verkehrsunfall in Igel/Liersberg schwer verletzt.
Der Unfall ereignete sich am 04.09.2025 gegen 16.20 Uhr. Der Junge fuhr mit seinem Fahrrad in einen Einmü… [+510 chars]",,de,'Igel'
https://www.fitforfun.de/news/herbst-diese-pilze-sind-ein-echtes-superfood-737368.html,https://www.fitforfun.de/news/herbst-diese-pilze-sind-ein-echtes-superfood-737368.html,0,www.fitforfun.de,Herbst: Diese Pilze sind ein echtes Superfood,"Die Blätter fallen langsam und der Herbst steht vor der Tür. Auch die Zeit der Pilze geht nun wieder los. Welche Pilze besonders gesund sind, liest du hier.","https://www.fitforfun.de/files/images/201908/1/pfifferlinge-warenkunde,377540_3x2_n.jpg",2025-09-05T11:46:00Z,,"Pfifferlinge gehören zu den beliebtesten Speisepilzen und werden gerne für verschiedene Pilzgerichte eingesetzt. Die Pilze sind einfach zuzubereiten, lecker und gesund.
Lesetipp
Lesetipp
Lesetipp… [+107 chars]",,de,'Blätter'
https://www.stern.de/gesellschaft/regional/rheinland-pfalz-saarland/rettungseinsatz--kind-von-bus-angefahren-und-schwer-verletzt-36032192.html,https://www.stern.de/gesellschaft/regional/rheinland-pfalz-saarland/rettungseinsatz--kind-von-bus-angefahren-und-schwer-verletzt-36032192.html,0,www.stern.de,Rettungseinsatz: Kind von Bus angefahren und schwer verletzt,Igel (lrs) - Ein 7-jähriger Junge ist in Igel im Landkreis Trier-Saarburg auf seinem Fahrrad von einem Bus angefahren und schwer verletzt worden. Wie die,https://image.stern.de/36032194/t/Bd/v1/w1440/r1.7778/-/05--zhqlkujrqrv3axs2048jpeg---9f5f12dec46ab51d.jpg,2025-09-05T12:40:39Z,,"Kopiere den aktuellen Link
Zur Merkliste hinzufügen
Der Junge fährt auf dem Fahrrad und übersieht einen Bus. Schwer verletzt muss der 7-Jährige ins Krankenhaus.
Ein 7-jähriger Junge ist in Igel im… [+404 chars]",,de,'Igel'
https://www.zeit.de/news/2025-09/06/senckenberg-chef-naturschutz-scheitert-nicht-am-geld,https://www.zeit.de/news/2025-09/06/senckenberg-chef-naturschutz-scheitert-nicht-am-geld,0,www.zeit.de,Wissenschaft: Senckenberg-Chef: Naturschutz scheitert nicht am Geld,Hier finden Sie Informationen zu dem Thema „Wissenschaft“. Lesen Sie jetzt „Senckenberg-Chef: Naturschutz scheitert nicht am Geld“.,https://img.zeit.de/news/2025-09/06/senckenberg-chef-naturschutz-scheitert-nicht-am-geld-image-group/wide__1300x731,2025-09-06T02:01:17Z,,Im Naturschutz mangelt es nach Ansicht des Senckenberg-Chefs nicht so sehr an Geld - es werde aber falsch ausgegeben. «Wir finanzieren die Belastung der Natur mit der öffentlichen Hand und dann inves… [+960 chars],,de,'Natur'
https://www.stern.de/gesellschaft/regional/baden-wuerttemberg/feuerwehreinsatz--chlorgas-in-schwimmbad-ausgetreten-36033780.html,https://www.stern.de/gesellschaft/regional/baden-wuerttemberg/feuerwehreinsatz--chlorgas-in-schwimmbad-ausgetreten-36033780.html,0,www.stern.de,Feuerwehreinsatz: Chlorgas in Schwimmbad ausgetreten,"Wernau (lsw) - In einem Freibad in Wernau (Kreis Esslingen) ist Chlorgas ausgetreten. Zu dem Zeitpunkt seien keine Badegäste, nur sechs Angestellte vor",https://image.stern.de/36033782/t/ZJ/v1/w1440/r1.7778/-/06--265fli55uvv4axs2048jpeg---ed850f26402b2abb.jpg,2025-09-06T09:40:34Z,,"Kopiere den aktuellen Link
Zur Merkliste hinzufügen
In einem Betriebsraum eines Freibads tritt Chlor aus. Das Schwimmbad wird vorsorglich gesperrt. Feuerwehrleute überprüfen die Lage.
In einem Fre… [+519 chars]",,de,'Freibad'
https://www.zeit.de/news/2025-09/07/defekter-adapter-fuer-chloraustritt-in-freibad-verantwortlich,https://www.zeit.de/news/2025-09/07/defekter-adapter-fuer-chloraustritt-in-freibad-verantwortlich,0,www.zeit.de,Großeinsatz der Feuerwehr: Defekter Adapter für Chloraustritt in Freibad verantwortlich,Hier finden Sie Informationen zu dem Thema „Großeinsatz der Feuerwehr“. Lesen Sie jetzt „Defekter Adapter für Chloraustritt in Freibad verantwortlich“.,https://img.zeit.de/news/2025-09/07/defekter-adapter-fuer-chloraustritt-in-freibad-verantwortlich-image-group/wide__1300x731,2025-09-07T11:45:29Z,,"Ein Defekt beim Wechseln einer Gasflasche ist ersten Ermittlungen nach die Ursache für einen Chloraustritt im Freibad in Wernau im Kreis Esslingen gewesen. Ein Adapter sei defekt gewesen, teilte die … [+650 chars]",,de,'Freibad'
https://www.stern.de/gesellschaft/regional/baden-wuerttemberg/grosseinsatz-der-feuerwehr--defekter-adapter-fuer-chloraustritt-in-freibad-verantwortlich-36035532.html,https://www.stern.de/gesellschaft/regional/baden-wuerttemberg/grosseinsatz-der-feuerwehr--defekter-adapter-fuer-chloraustritt-in-freibad-verantwortlich-36035532.html,0,www.stern.de,Großeinsatz der Feuerwehr: Defekter Adapter für Chloraustritt in Freibad verantwortlich,In einem Freibad im Kreis Esslingen tritt Chlor aus. Zahlreiche Rettungskräfte waren dort am Samstag im Einsatz. Nun wurde die Ursache für den Gasaustritt gefunden.,https://image.stern.de/36035534/t/9M/v1/w1440/r1.7778/-/07--jrrgrdq7tzv3axs2048jpeg---e13a5f00191af056.jpg,2025-09-07T11:45:29Z,,"Kopiere den aktuellen Link
Zur Merkliste hinzufügen
In einem Freibad im Kreis Esslingen tritt Chlor aus. Zahlreiche Rettungskräfte waren dort am Samstag im Einsatz. Nun wurde die Ursache für den Ga… [+832 chars]",,de,'Freibad'
https://t3n.de/news/zu-viel-gruener-strom-warum-die-sorge-um-netzinstabilitaet-unbegruendet-ist-1701835/,https://t3n.de/news/zu-viel-gruener-strom-warum-die-sorge-um-netzinstabilitaet-unbegruendet-ist-1701835/,0,t3n.de,Zu viel grüner Strom? Warum die Sorge um Netzinstabilität unbegründet ist,"Sonne und Wind liefern genug Strom – die Kunst ist, ihn intelligent zu speichern und zu nutzen. KI könnte das schon heute steuern. Warum bleibt dieses Potenzial noch ungenutzt? Es ist 2045, der Weltuntergang ist ausgeblieben. Keine dystopischen Staubstürme, k…",https://cdn.t3n.de/news/wp-content/uploads/2025/08/t3n_Fotos_Jubilaeum_Artikel_Sophia_Roediger_Credits_1KOMMA5°.png?class=content,2025-09-07T13:40:00Z,,"Es ist 2045, der Weltuntergang ist ausgeblieben. Keine dystopischen Staubstürme, keine Gaskraftwerk-Landschaften stattdessen: vollelektrifizierte Städte, grün und blühend. Flirrende Solarmodule auf j… [+4811 chars]",,de,'Energiekrise'
https://www.tagesspiegel.de/berlin/berlins-sehnsucht-nach-der-stille-dieser-sommer-sollte-sich-doch-muhelos-verlangern-lassen-14289356.html,https://www.tagesspiegel.de/berlin/berlins-sehnsucht-nach-der-stille-dieser-sommer-sollte-sich-doch-muhelos-verlangern-lassen-14289356.html,0,www.tagesspiegel.de,Berlins Sehnsucht nach der Stille: Dieser Sommer sollte sich doch mühelos verlängern lassen,"S-Bahnen, die nicht fahren, Autos, die auf der A100 stillstehen, und kaum Freibad-Randale: Die Ferien waren irgendwie verrückt. Am Ende stellt sich die Frage: Muss Berlin mehr Krach wagen?",https://www.tagesspiegel.de/images/14290637/alternates/BASE_16_9_W1400/1757263741000/sonnenschein-im-park-von-schloss-biesdorf.jpeg,2025-09-07T17:11:11Z,,"S-Bahnen, die nicht fahren, Autos, die auf der A100 stillstehen, und kaum Freibad-Randale: Die Ferien waren irgendwie verrückt. Am Ende stellt sich die Frage: Muss Berlin mehr Krach wagen?",,de,'Freibad'
https://www.morgenpost.de/berlin/article409941289/freibad-saison-vorbei-diese-baeder-bleiben-laenger-offen.html,https://www.morgenpost.de/berlin/article409941289/freibad-saison-vorbei-diese-baeder-bleiben-laenger-offen.html,0,www.morgenpost.de,Freibad-Saison vorbei? Diese Bäder bleiben länger offen,Eigentlich ist die Freibad-Saison 2025 in Berlin vorbei. Doch einige Bäder bleiben auch im September noch offen. Der Überblick.,https://img.sparknews.funkemedien.de/409940998/409940998_1757266556_v16_9_1600.jpeg,2025-09-07T17:35:56Z,,"In Berlin steht der große Umzug an. Der betrifft allerdings nicht den knappen Wohnungsmarkt, sondern die Badebetriebe: Mit dem Ende der Sommerferien ist auch die Freibad-Saison 2025 vorbei. Damit zie… [+2406 chars]",,de,'Freibad'
https://www.tagesspiegel.de/berlin/wetter-sonniger-wochenstart-in-berlin-und-brandenburg-14291507.html,https://www.tagesspiegel.de/berlin/wetter-sonniger-wochenstart-in-berlin-und-brandenburg-14291507.html,0,www.tagesspiegel.de,Wetter: Sonniger Wochenstart in Berlin und Brandenburg,Die Temperaturen bleiben sommerlich warm. In den kommenden Tagen ist auch mit Regen zu rechnen.,https://www.tagesspiegel.de/images/14291504/alternates/BASE_16_9_W1400/1757304728000/sommerwetter-in-berlin.jpeg,2025-09-08T04:12:08Z,,"In Berlin und Brandenburg bleibt es in den nächsten Tagen spätsommerlich mild, es wird allerdings auch feuchter. Am Montag ist in den frühen Morgenstunden zunächst mit Nebel zu rechnen. Laut Deutsche… [+557 chars]",,de,'Regen'
https://www.stern.de/familie/tiere/igelfutter--diese-lebensmittel-sind-erlaubt---und-diese-nicht-9407332.html,https://www.stern.de/familie/tiere/igelfutter--diese-lebensmittel-sind-erlaubt---und-diese-nicht-9407332.html,0,www.stern.de,Tierischer Speiseplan: Welche Lebensmittel eignen sich als Igelfutter – und welche nicht?,"Im Herbst bereiten sich Igel auf den Winterschlaf vor, indem sie sich ein Speckdepot zulegen. Sind die Tiere jedoch zu schwach, können Sie ihnen bei der Nahrungssuche helfen.",https://image.stern.de/9407334/t/E2/v3/w1440/r1.7778/-/igel-neu.jpg,2025-09-08T05:12:00Z,,"Kopiere den aktuellen Link
Zur Merkliste hinzufügen
Im Herbst bereiten sich Igel auf den Winterschlaf vor, indem sie sich ein Speckdepot zulegen. Sind die Tiere jedoch zu schwach, können Sie ihnen … [+5790 chars]",,de,'Igel'
https://www.stern.de/gesellschaft/regional/bayern/wetterprognose--regnerische-letzte-ferienwoche-im-freistaat-36036566.html,https://www.stern.de/gesellschaft/regional/bayern/wetterprognose--regnerische-letzte-ferienwoche-im-freistaat-36036566.html,0,www.stern.de,Wetterprognose: Regnerische letzte Ferienwoche im Freistaat,"Wer vor Schulbeginn noch Ausflüge plant, sollte an wetterfeste Kleidung denken: Der DWD sagt Regen, Gewitter und sinkende Temperaturen voraus. Wo wird es nass?",https://image.stern.de/36036568/t/SN/v1/w1440/r1.7778/-/08--ruphi7faugv4axs2048jpeg---ff23723b01b9d0db.jpg,2025-09-08T05:24:27Z,,"Kopiere den aktuellen Link
Zur Merkliste hinzufügen
Wer vor Schulbeginn noch Ausflüge plant, sollte an wetterfeste Kleidung denken: Der DWD sagt Regen, Gewitter und sinkende Temperaturen voraus. Wo… [+1183 chars]",,de,'Regen'
https://www.stern.de/gesellschaft/regional/sachsen/wetterausblick--neue-woche-beginnt-sommerlich-36036586.html,https://www.stern.de/gesellschaft/regional/sachsen/wetterausblick--neue-woche-beginnt-sommerlich-36036586.html,0,www.stern.de,Wetterausblick: Neue Woche beginnt sommerlich,Auch zu Beginn der neuen Woche setzt sich das spätsommerliche Wetter fort. Die Temperaturen steigen am Montag und Dienstag noch einmal auf bis zu 25 Grad.,https://image.stern.de/36036588/t/A8/v1/w1440/r1.7778/-/08--av7hequsncv5axs2048jpeg---cd5fe2b5ba64ec5c.jpg,2025-09-08T05:34:47Z,,"Kopiere den aktuellen Link
Zur Merkliste hinzufügen
Auch zu Beginn der neuen Woche setzt sich das spätsommerliche Wetter fort. Die Temperaturen steigen am Montag und Dienstag noch einmal auf bis zu… [+598 chars]",,de,'Regen'
https://www.stern.de/gesellschaft/regional/hessen/vorhersage--es-wird-ungemuetlich-in-hessen-36036678.html,https://www.stern.de/gesellschaft/regional/hessen/vorhersage--es-wird-ungemuetlich-in-hessen-36036678.html,0,www.stern.de,Vorhersage: Es wird ungemütlich in Hessen,"Nach einem sonnigen Spätsommerwochenende wird es nun ungemütlich in Hessen. Gebietsweise fällt schauerartiger Regen, auch einzelne Gewitter und Starkregen sind möglich.",https://image.stern.de/36036680/t/D2/v1/w1440/r1.7778/-/08--j2xsqeekp5v4axs2048jpeg---e8bca18fd2165049.jpg,2025-09-08T06:31:43Z,,"Kopiere den aktuellen Link
Zur Merkliste hinzufügen
Nach einem sonnigen Spätsommerwochenende wird es nun ungemütlich in Hessen. Gebietsweise fällt schauerartiger Regen, auch einzelne Gewitter und S… [+767 chars]",,de,'Regen'
https://www.stern.de/familie/igelhaus-fuer-herbst-und-winter--so-helfen-sie-schutzlosen-tieren-30833408.html,https://www.stern.de/familie/igelhaus-fuer-herbst-und-winter--so-helfen-sie-schutzlosen-tieren-30833408.html,0,www.stern.de,Sicherer Unterschlupf: Ein Igelhaus im Garten? So helfen Sie den Tieren durch den Winter,Im Herbst sieht man Igel auf der Suche nach einem Winterquartier. Durch fehlende Wald- und Wiesenflächen finden die Tiere kaum Rückzugsmöglichkeiten. Vielleicht möchten Sie helfen?,https://image.stern.de/30833412/t/_r/v6/w1440/r1.7778/-/igelhaus.jpg,2025-09-08T08:56:00Z,,"Kopiere den aktuellen Link
Zur Merkliste hinzufügen
Im Herbst sieht man Igel auf der Suche nach einem Winterquartier. Durch fehlende Wald- und Wiesenflächen finden die Tiere kaum Rückzugsmöglichkei… [+5257 chars]",,de,'Igel'
https://www.stern.de/gesellschaft/regional/nordrhein-westfalen/es-wird-herbstlich--nasse-fuesse-fuer-den-spaetsommer--regen-in-nrw-36037250.html,https://www.stern.de/gesellschaft/regional/nordrhein-westfalen/es-wird-herbstlich--nasse-fuesse-fuer-den-spaetsommer--regen-in-nrw-36037250.html,0,www.stern.de,Es wird herbstlich: Nasse Füße für den Spätsommer: Regen in NRW,"Der Herbst klopft an die Tür: In Nordrhein-Westfalen gehen die Temperaturen runter, es gibt reichlich Regen und einige Gewitter. Wars das mit dem Sommer?",https://image.stern.de/36037252/t/Ym/v1/w1440/r1.7778/-/08--lfjzfx2xfev8axs2048jpeg---aa28c281d2c49206.jpg,2025-09-08T09:53:41Z,,"Kopiere den aktuellen Link
Zur Merkliste hinzufügen
Der Herbst klopft an die Tür: In Nordrhein-Westfalen gehen die Temperaturen runter, es gibt reichlich Regen und einige Gewitter. Wars das mit dem… [+810 chars]",,de,'Regen'
https://www.focus.de/wissen/mensch/warum-oben-ohne-im-freibad-normal-und-trotzdem-in-gefahr-ist_21963871-edc4-4c15-a2b5-f6ef1129658f.html,https://www.focus.de/wissen/mensch/warum-oben-ohne-im-freibad-normal-und-trotzdem-in-gefahr-ist_21963871-edc4-4c15-a2b5-f6ef1129658f.html,0,www.focus.de,Warum oben ohne im Freibad normal und trotzdem in Gefahr ist,"Oben ohne ist in vielen Bädern erlaubt. Doch wo Freiheit beginnt, muss Respekt bleiben – sonst kippt die Stimmung schneller, als man denkt.",https://quadro.burda-forward.de/ctf/9109b6f7-2ecb-4e20-906e-a2dd5c609d39.fe50f550-396e-4a37-9ccb-e5bb9bf43868.jpeg?im=RegionOfInterestCrop%3D%281200%2C630%29%2CregionOfInterest%3D%28612%2C142%29&hash=0e187604250e96550644e0e0c2ea4d5d3ed40b0b1edc5c612199822bc119fd58,2025-09-08T11:38:30Z,,"Oben ohne im Freibad Freiheit oder Risiko?
Wer im Sommer ins Bad geht, sucht Sonne, Wasser und ein Stück Freiheit. Dazu gehört auch die Frage: Darf man als Frau oben ohne ins Becken oder auf die Lie… [+4781 chars]",,de,'Freibad'
https://www.welt.de/politik/deutschland/plus68b5a5a58c33b226bcaef3bd/anschlaege-auf-infrastruktur-bedeutendste-militante-kampagne-im-linksextremismus.html,https://www.welt.de/politik/deutschland/plus68b5a5a58c33b226bcaef3bd/anschlaege-auf-infrastruktur-bedeutendste-militante-kampagne-im-linksextremismus.html,0,www.welt.de,„Bedeutendste militante Kampagne im Linksextremismus“,"Anschläge gegen die Bahn-Infrastruktur häufen sich. Täter gehören zur linksextremen Kampagne „Switch Off“, die gegen „Zerstörung der Natur“ und Kapitalismus kämpft. Interessenten wird eine digitale Infobroschüre angeboten – die Anschlagsmaterialien: frei käuf…",https://images.welt.de/68b5a5a58c33b226bcaef3bd/8f99f28b3b559d81162effa038abb10e/ci16x9-w1200/brandanschlag-auf-wichtige-bahnstrecke,2025-09-08T13:23:48Z,,"Anschläge gegen die Bahn-Infrastruktur häufen sich. Täter gehören zur linksextremen Kampagne Switch Off, die gegen Zerstörung der Natur und Kapitalismus kämpft. Interessenten wird eine digitale Infob… [+59 chars]",,de,'Natur'
https://www.welt.de/reise/article68be5f7572019652f128d83e/Bahnreisen-im-Herbst-Sieben-Routen-die-im-Herbst-besonders-schoen-sind.html,https://www.welt.de/reise/article68be5f7572019652f128d83e/Bahnreisen-im-Herbst-Sieben-Routen-die-im-Herbst-besonders-schoen-sind.html,0,www.welt.de,"7 Bahnreisen, die im Herbst besonders schön sind","Milde Temperaturen, wenig Andrang und bunte Ausblicke: Es gibt gute Gründe für eine Zugreise in der farbenfrohen Jahreszeit. Hier kommen sieben Routen mit Zwischenstopps für Fotografen, Abenteurer und Genießer.",https://images.welt.de/68be5f7572019652f128d83e/66b4983c0d0582bc55932c8dbf54d8ae/ci16x9-w1200/train-in-coastline-in-manarola-cinque-terre-italy,2025-09-09T06:24:04Z,,"Milde Temperaturen, wenig Andrang und bunte Ausblicke: Es gibt gute Gründe für eine Zugreise in der farbenfrohen Jahreszeit. Hier kommen sieben Routen mit Zwischenstopps für Fotografen, Abenteurer un… [+10582 chars]",,de,'Temperaturen'
https://www.n-tv.de/wissen/Forscher-messen-drittwaermsten-August-weltweit-article26019826.html,https://www.n-tv.de/wissen/Forscher-messen-drittwaermsten-August-weltweit-article26019826.html,0,www.n-tv.de,Ein wenig kühler als Rekordjahre: Forscher messen drittwärmsten August weltweit,"Der Klimatrend bleibt ungebrochen, aber der August fällt weltweit ein wenig milder aus als in den Rekordjahren zuvor. Deutschland bekommt das zu spüren. In Süd- und Südosteuropa hingegen machen Trockenheit und Hitze extrem zu schaffen.",https://www.n-tv.de/img/incoming/crop26020043/7901323754-cImg_16_9-w1200/545849327.jpg,2025-09-09T08:04:40Z,,"Der Klimatrend bleibt ungebrochen, aber der August fällt weltweit ein wenig milder aus als in den Rekordjahren zuvor. Deutschland bekommt das zu spüren. In Süd- und Südosteuropa hingegen machen Trock… [+2027 chars]",,de,'Hitze'
https://www.zeit.de/news/2025-09/10/schauriges-wetter-regen-bleibt-zunaechst-noch-im-land,https://www.zeit.de/news/2025-09/10/schauriges-wetter-regen-bleibt-zunaechst-noch-im-land,0,www.zeit.de,Wenig Sonne: Schauriges Wetter: Regen bleibt zunächst noch im Land,Hier finden Sie Informationen zu dem Thema „Wenig Sonne“. Lesen Sie jetzt „Schauriges Wetter: Regen bleibt zunächst noch im Land“.,https://img.zeit.de/news/2025-09/10/schauriges-wetter-regen-bleibt-zunaechst-noch-im-land-image-group/wide__1300x731,2025-09-10T03:53:06Z,,"Der Sommer hat sich schnell verabschiedet, das Herbstwetter setzt sich in Baden-Württemberg fest: Es bleibt weiter unbeständig, immer wieder wird es regnen und nur vereinzelt zeigt sich nach Angaben … [+1074 chars]",,de,'Sonne'
https://www.faz.net/aktuell/sport/mehr-sport/sommer-im-freibad-warum-renate-mit-85-jahren-jeden-morgen-schwimmen-geht-accg-110671867.html,https://www.faz.net/aktuell/sport/mehr-sport/sommer-im-freibad-warum-renate-mit-85-jahren-jeden-morgen-schwimmen-geht-accg-110671867.html,0,www.faz.net,Mit 85 Jahren im Becken: Ein Sommer in Bahnen,"Seit zwei Jahrzehnten geht Renate morgens ins Freibad – fast jeden Tag, mit 85 Jahren. Es hat ihren Blick aufs Leben verändert.",https://media0.faz.net/ppmedia/w1200/aktuell/2875368474/1.10672218/facebook_teaser/renate-ist-wehmuetig-dass-die.jpg.webp,2025-09-10T06:17:36Z,,"Etwa eine halbe Stunde nach dem Aufstehen steigt sie in ihren Badeanzug, meist zwischen 7:30 und 8:00 Uhr. Davor holt sie die Zeitung aus dem Postkasten. Sie brüht sich eine Tasse English Breakfast T… [+296 chars]",,de,'Freibad'
https://www.zeit.de/news/2025-09/10/ueber-2-000-voegel-illegaler-transport-in-italien-gestoppt,https://www.zeit.de/news/2025-09/10/ueber-2-000-voegel-illegaler-transport-in-italien-gestoppt,0,www.zeit.de,Mehrere Finkenarten: Über 2.000 Vögel: Illegaler Transport in Italien gestoppt,Hier finden Sie Informationen zu dem Thema „Mehrere Finkenarten“. Lesen Sie jetzt „Über 2.000 Vögel: Illegaler Transport in Italien gestoppt“.,https://img.zeit.de/news/2025-09/10/ueber-2-000-voegel-illegaler-transport-in-italien-gestoppt-image-group/wide__1300x731,2025-09-10T07:23:30Z,,Die italienische Polizei hat einen illegalen Vogeltransport mit rund 2.200 Tieren gestoppt. Den Einsatzkräften fiel der Kleintransporter bei einer Verkehrskontrolle in der süditalienischen Stadt Vill… [+1176 chars],,de,'Vögel'
https://www.zeit.de/news/2025-09/10/turmfalke-abgeschossen-naturschuetzer-erstatten-anzeige,https://www.zeit.de/news/2025-09/10/turmfalke-abgeschossen-naturschuetzer-erstatten-anzeige,0,www.zeit.de,Vögel: Turmfalke abgeschossen – Naturschützer erstatten Anzeige,Hier finden Sie Informationen zu dem Thema „Vögel“. Lesen Sie jetzt „Turmfalke abgeschossen – Naturschützer erstatten Anzeige“.,https://img.zeit.de/news/2025-09/10/turmfalke-abgeschossen-naturschuetzer-erstatten-anzeige-image-group/wide__1300x731,2025-09-10T12:56:36Z,,Nach dem Abschuss eines Turmfalken mit einem Luftgewehr in Swisttal bei Bonn haben Naturschützer Anzeige erstattet und eine Belohnung für Hinweise zur Ermittlung des Täters ausgelobt. Anlass sei der … [+848 chars],,de,'Vögel'
https://www.zeit.de/news/2025-09/10/klimawandel-massgeblich-fuer-viele-hitzewellen-verantwortlich,https://www.zeit.de/news/2025-09/10/klimawandel-massgeblich-fuer-viele-hitzewellen-verantwortlich,0,www.zeit.de,Hitze: Klimawandel maßgeblich für viele Hitzewellen verantwortlich,Hier finden Sie Informationen zu dem Thema „Hitze“. Lesen Sie jetzt „Klimawandel maßgeblich für viele Hitzewellen verantwortlich“.,https://img.zeit.de/news/2025-09/10/klimawandel-massgeblich-fuer-viele-hitzewellen-verantwortlich-image-group/wide__1300x731,2025-09-10T15:01:39Z,,"Der menschengemachte Klimawandel hat die Hitzewellen der Jahre 2000 bis 2023 nach Forscherangaben erheblich wahrscheinlicher und intensiver gemacht. Rund ein Viertel der betrachteten, dokumentierten … [+3390 chars]",,de,'Hitze'
https://www.stern.de/kaufkosmos/deals/heute-zum-spitzenpreis--dieser-fahrradponcho-ist-55-prozent-guenstiger-36045820.html,https://www.stern.de/kaufkosmos/deals/heute-zum-spitzenpreis--dieser-fahrradponcho-ist-55-prozent-guenstiger-36045820.html,0,www.stern.de,55 % Rabatt: Wasserdichter Fahrrad-Regenponcho (Unisex) mit Reflektoren stark reduziert,"Egal ob täglicher Arbeitsweg oder Wochenendtour im Grünen – mit diesem Regenponcho sind Sie bei bestens gerüstet. Hier erfahren Sie, warum sich der Kauf gerade jetzt besonders lohnt.",https://image.stern.de/36045822/t/uA/v1/w1440/r1.7778/-/deal-news-regenponcho.jpg,2025-09-11T06:30:00Z,,"Kopiere den aktuellen Link
Zur Merkliste hinzufügen
Egal ob täglicher Arbeitsweg oder Wochenendtour im Grünen mit diesem Regenponcho sind Sie bei bestens gerüstet. Hier erfahren Sie, warum sich der… [+2154 chars]",,de,'Regen'
https://taz.de/Hirtinnen-auf-dem-Vormarsch-in-Spanien/!6112238/,https://taz.de/Hirtinnen-auf-dem-Vormarsch-in-Spanien/!6112238/,0,taz.de,Hirtinnen auf dem Vormarsch in Spanien: Dicht am Tier,"In Spanien erobern sich Frauen die männlich geprägte Weidewirtschaft. Unterwegs mit Hirtinnen im Spannungsfeld von Natur, Wirtschaft und Klimawandel.",https://taz.de/picture/7918404/1200/39151234-4.jpeg,2025-09-11T07:39:00Z,,"In Spanien erobern sich Frauen die männlich geprägte Weidewirtschaft. Unterwegs mit Hirtinnen im Spannungsfeld von Natur, Wirtschaft und Klimawandel. mehr...",,de,'Natur'
https://www.diepresse.com/20069980/chinesische-bleiwurz-roter-teppich-mit-blauen-sternen,https://www.diepresse.com/20069980/chinesische-bleiwurz-roter-teppich-mit-blauen-sternen,0,www.diepresse.com,Chinesische Bleiwurz: Roter Teppich mit blauen Sternen [premium],"Mit Bodendeckern ist der Gartenmensch stets gut bedient, weil diese braven Pflanzen die Pflege erleichtern. Eine herbstliche Besonderheit ist die Chinesische Bleiwurz mit strahlend blauen Blüten und unverschämt knallig umgefärbtem Laub.",https://img.diepresse.com/public/incoming/dtqp8w-SUB-Chinesische-Bleiwurz/alternates/DPR_SOCIAL_MAGAZIN/SUB%20Chinesische%20Bleiwurz,2025-09-11T08:08:29Z,,"Wer die Blütenfarbe Blau besonders schätzt, hat im Herbst keine sonderlich üppige Auswahl an Pflanzen zur Verfügung. Blaue Blüten sind dieser Tage tatsächlich gar nicht so leicht aufzutreiben. Die Bl… [+1519 chars]",,de,'Blätter'
https://www.stern.de/panorama/wetteraussichten--wechselhaft-und-immer-wieder-nass-bis-zum-wochenende-36046412.html,https://www.stern.de/panorama/wetteraussichten--wechselhaft-und-immer-wieder-nass-bis-zum-wochenende-36046412.html,0,www.stern.de,Wetteraussichten: Wechselhaft und immer wieder nass bis zum Wochenende,Offenbach - In den kommenden Tagen wird es immer wieder nass in Deutschland. «Es empfiehlt sich daher definitiv eine Regenjacke zu tragen und einen,https://image.stern.de/36046414/t/y-/v1/w1440/r1.7778/-/11--3yi5ygditbv6axs2048jpeg---c49f1680b9170ef1.jpg,2025-09-11T09:00:20Z,,"Kopiere den aktuellen Link
Zur Merkliste hinzufügen
Wenig Sonne, oft Schauer: Bis Sonntag bleibt es häufig nass und kühl. Zur neuen Woche ist der nächste Regen schon in Sicht.
In den kommenden Tag… [+2071 chars]",,de,'Regen'
https://www.tagesspiegel.de/gesellschaft/panorama/wetteraussichten-wechselhaft-und-immer-wieder-nass-bis-zum-wochenende-14311517.html,https://www.tagesspiegel.de/gesellschaft/panorama/wetteraussichten-wechselhaft-und-immer-wieder-nass-bis-zum-wochenende-14311517.html,0,www.tagesspiegel.de,Wetteraussichten: Wechselhaft und immer wieder nass bis zum Wochenende,"Wenig Sonne, oft Schauer: Bis Sonntag bleibt es häufig nass und kühl. Zur neuen Woche ist der nächste Regen schon in Sicht.",https://www.tagesspiegel.de/images/14311514/alternates/BASE_16_9_W1400/1757581287000/regen-in-baden-wurttemberg.jpeg,2025-09-11T09:01:27Z,,"In den kommenden Tagen wird es immer wieder nass in Deutschland. Es empfiehlt sich daher definitiv eine Regenjacke zu tragen und einen Regenschirm parat zu haben, sagte der Meteorologe Oliver Reuter … [+1977 chars]",,de,'Regen'
https://www.faz.net/aktuell/gesellschaft/ungluecke/19-tote-bei-schweren-ueberschwemmungen-auf-bali-und-flores-accg-110680407.html,https://www.faz.net/aktuell/gesellschaft/ungluecke/19-tote-bei-schweren-ueberschwemmungen-auf-bali-und-flores-accg-110680407.html,0,www.faz.net,Nach heftigem Regen: 19 Tote bei schweren Überschwemmungen auf Bali und Flores,"Die Schäden sind gewaltig, die Zahl der Toten steigt: Auf den beiden Inseln kamen mindestens 19 Menschen ums Leben. Und weitere Unwetter werden erwartet.",https://media1.faz.net/ppmedia/w1200/aktuell/2159486108/1.10680409/facebook_teaser/mehr-als-560-menschen-mussten.jpg.webp,2025-09-11T09:09:22Z,,"Weltbekannte Tourismusgebiete sind nach ungewöhnlich starken Regenfällen auf der indonesischen Insel Bali überschwemmt. Auch die weiter östlich gelegene Insel Flores, die bei Urlaubern ebenfalls sehr… [+2017 chars]",,de,'Regen'
https://www.sueddeutsche.de/muenchen/granteln-muenchen-gardasee-typisch-deutsch-li.3307374,https://www.sueddeutsche.de/muenchen/granteln-muenchen-gardasee-typisch-deutsch-li.3307374,0,www.sueddeutsche.de,SZ-Kolumne Typisch deutsch: Granteln bis zum Gardasee,"Der viele Regen, die nervigen Rennradler, der Blütenstaub auf dem Autodach: Es gibt nichts, worüber sich die Münchner nicht beschweren. Wird man so selbst zur Zwiderwurzn?",https://www.sueddeutsche.de/2022/06/22/a25ecb0b-2c28-4a96-a8d0-01a1d98e34ab.jpeg?q=60&fm=webp&width=1200&rect=0%2C70%2C1350%2C759,2025-09-11T11:45:36Z,,"11. September 2025, 13:45 Uhr|Lesezeit: 2 Min.
Wer kennt es nicht: Ein Bayer zeigt am Strand seinen Unmut (Symbolfoto). (Foto: Michael Steele)
Der viele Regen, die nervigen Rennradler, der Blütenst… [+759 chars]",,de,'Regen'
https://www.stern.de/gesellschaft/regional/berlin-brandenburg/voegel--mehr-als-70-junge-wiedehopfe-in-der-doeberitzer-heide-beringt-36048056.html,https://www.stern.de/gesellschaft/regional/berlin-brandenburg/voegel--mehr-als-70-junge-wiedehopfe-in-der-doeberitzer-heide-beringt-36048056.html,0,www.stern.de,Vögel: Mehr als 70 junge Wiedehopfe in der Döberitzer Heide beringt,"Die Heinz Sielmann Stiftung meldet einen Rekord bei den Wiedehopfen in Brandenburg. Was hinter dem Erfolg in der Döberitzer Heide steckt, erklärt ein Experte.",https://image.stern.de/36048058/t/Y3/v1/w1440/r1.7778/-/11--xur5zi5blqv9axs2048jpeg---ee9e7be5ce8803eb.jpg,2025-09-11T14:15:05Z,,"Kopiere den aktuellen Link
Zur Merkliste hinzufügen
Die Heinz Sielmann Stiftung meldet einen Rekord bei den Wiedehopfen in Brandenburg. Was hinter dem Erfolg in der Döberitzer Heide steckt, erklärt… [+992 chars]",,de,'Vögel'
https://www.zeit.de/news/2025-09/11/mehr-als-70-junge-wiedehopfe-in-der-doeberitzer-heide-beringt,https://www.zeit.de/news/2025-09/11/mehr-als-70-junge-wiedehopfe-in-der-doeberitzer-heide-beringt,0,www.zeit.de,Vögel: Mehr als 70 junge Wiedehopfe in der Döberitzer Heide beringt,Hier finden Sie Informationen zu dem Thema „Vögel“. Lesen Sie jetzt „Mehr als 70 junge Wiedehopfe in der Döberitzer Heide beringt“.,https://img.zeit.de/news/2025-09/11/mehr-als-70-junge-wiedehopfe-in-der-doeberitzer-heide-beringt-image-group/wide__1300x731,2025-09-11T14:15:05Z,,In der Döberitzer Heide im Havelland sind in diesem Jahr Dutzende junge Wiedehopfe beringt worden. Experten der Heinz Sielmann Stiftung markierten 72 Jungvögel ein neuer Höchstwert seit Beginn des Mo… [+817 chars],,de,'Vögel'
https://wien.orf.at/stories/3321360/,https://wien.orf.at/stories/3321360/,0,wien.orf.at,Stromausfall nach Regen in Justizanstalt,In der Wiener Justizanstalt Josefstadt ist es durch starke Regenfälle am Mittwoch zu einem teilweisen Wassereinbruch und zu Stromausfällen gekommen. An der Behebung der Stromausfälle werde noch gearbeitet.,https://ibs.orf.at/wie?image=https%3A%2F%2Foekastatic.orf.at%2Fmims%2F2023%2F40%2F62%2Fcrops%2Fw%3D1200%2Ch%3D627%2Cq%3D75%2F1961689_master_738162_downloadmedium_7.jpg%3Fs%3D3666dbaf83d8d7d466bff85b6bc55c248477db5b,2025-09-11T15:00:51Z,,"Betroffene Abteilungen wurden geschlossen und deren inhaftierte Personen wurden, sofern räumlich notwendig, in andere Anstalten überstellt, informierte das Justizministerium am Donnerstagnachmittag. … [+303 chars]",,de,'Regen'
https://www.freitag.de/autoren/haziran-zeller/schwule-coming-of-age-geschichte-sean-hewitts-roman-oeffnet-sich-der-himmel,https://www.freitag.de/autoren/haziran-zeller/schwule-coming-of-age-geschichte-sean-hewitts-roman-oeffnet-sich-der-himmel,0,www.freitag.de,Jugendliebe | Seán Hewitts Roman „Öffnet sich der Himmel“ erzählt eine schwule Coming-of-Age-Geschichte,"Seán Hewitts Roman „Öffnet sich der Himmel“ ist eine wunderbar erzählte Geschichte von jungen Menschen auf dem Land. Voller Sehnsucht, Sinnlichkeit und lyrischer Sprache, die Licht, Natur und Glückseligkeit auf poetische Weise vereint Junge Menschen, die vom …",https://www.freitag.de/autoren/haziran-zeller/schwule-coming-of-age-geschichte-sean-hewitts-roman-oeffnet-sich-der-himmel/@@images/image/great,2025-09-12T02:00:00Z,,"Junge Menschen, die vom Dorf in die Metropole ziehen, haben mit der eigenen Lebenserfahrung Zugriff auf ein gesellschaftliches Strukturmerkmal: den Gegensatz von Stadt und Land. Der Konflikt artikuli… [+3709 chars]",,de,'Natur'
https://www.zeit.de/news/2025-09/12/sonne-regen-gewitter-wechselhaftes-wetter-am-wochenende,https://www.zeit.de/news/2025-09/12/sonne-regen-gewitter-wechselhaftes-wetter-am-wochenende,0,www.zeit.de,"Deutscher Wetterdienst: Sonne, Regen, Gewitter - Wechselhaftes Wetter am Wochenende","Hier finden Sie Informationen zu dem Thema „Deutscher Wetterdienst“. Lesen Sie jetzt „Sonne, Regen, Gewitter - Wechselhaftes Wetter am Wochenende“.",https://img.zeit.de/news/2025-09/12/sonne-regen-gewitter-wechselhaftes-wetter-am-wochenende-image-group/wide__1300x731,2025-09-12T06:32:09Z,,"Wer am Wochenende draußen unterwegs ist, sollte einen Regenschirm griffbereit haben. Laut dem Deutschen Wetterdienst (DWD) müssen sich die Menschen in Mecklenburg-Vorpommern am Wochenende auf wechsel… [+1341 chars]",,de,'Sonne'
https://www.stern.de/panorama/wetteraussichten--wetterdienst-erwartet-herbstliches-wochenende-36050236.html,https://www.stern.de/panorama/wetteraussichten--wetterdienst-erwartet-herbstliches-wochenende-36050236.html,0,www.stern.de,Wetteraussichten: Wetterdienst erwartet herbstliches Wochenende,Am Wochenende bleibt es wechselhaft: Fast überall ist mit Regen und lokalen Gewittern zu rechnen. Der Deutsche Wetterdienst erwartet teils herbstliche Stimmung.,https://image.stern.de/36050238/t/N0/v1/w1440/r1.7778/-/12--snomj27aomv4axs2048jpeg---d82b561954dd1605.jpg,2025-09-12T09:35:27Z,,"Kopiere den aktuellen Link
Zur Merkliste hinzufügen
Am Wochenende bleibt es wechselhaft: Fast überall ist mit Regen und lokalen Gewittern zu rechnen. Der Deutsche Wetterdienst erwartet teils herbst… [+2025 chars]",,de,'Blätter'
https://www.zeit.de/news/2025-09/13/freibad-fazit-so-durchwachsen-wie-das-wetter,https://www.zeit.de/news/2025-09/13/freibad-fazit-so-durchwachsen-wie-das-wetter,0,www.zeit.de,Badespaß im Freien: Freibad-Fazit: So durchwachsen wie das Wetter,Hier finden Sie Informationen zu dem Thema „Badespaß im Freien“. Lesen Sie jetzt „Freibad-Fazit: So durchwachsen wie das Wetter“.,https://img.zeit.de/news/2025-09/13/freibad-fazit-so-durchwachsen-wie-das-wetter-image-group/wide__1300x731,2025-09-13T04:00:45Z,,"Der teils regnerische und kühle Sommer hat in den Thüringer Freibädern keinen Besucheransturm ausgelöst. «Wie schon im vergangenen Jahr lief der Sommer dieses Jahr enttäuschend», fasst Jens Eisenschm… [+3499 chars]",,de,'Freibad'
https://www.zeit.de/news/2025-09/13/jugendliche-brechen-mit-axt-in-freibad-ein,https://www.zeit.de/news/2025-09/13/jugendliche-brechen-mit-axt-in-freibad-ein,0,www.zeit.de,Kriminalität: Jugendliche brechen mit Axt in Freibad ein,Hier finden Sie Informationen zu dem Thema „Kriminalität“. Lesen Sie jetzt „Jugendliche brechen mit Axt in Freibad ein“.,https://img.zeit.de/news/2025-09/13/jugendliche-brechen-mit-axt-in-freibad-ein-image-group/wide__1300x731,2025-09-13T09:08:09Z,,"Mit einer Axt sollen zwei Jugendliche vergeblich versucht haben, den Tresor in einem Freibad in Karlstadt (Landkreis Main-Spessart) aufzubrechen. Die beiden Jugendlichen im Alter von 14 und 17 Jahren… [+579 chars]",,de,'Freibad'
https://www.stern.de/gesellschaft/regional/bayern/klimawandel--weniger-zugvoegel-ueberwintern-in-bayern-36053458.html,https://www.stern.de/gesellschaft/regional/bayern/klimawandel--weniger-zugvoegel-ueberwintern-in-bayern-36053458.html,0,www.stern.de,Klimawandel: Weniger Zugvögel überwintern in Bayern,Hilpoltstein (lby) - Angesichts milderer Winter rechnet der Landesbund für Vogel- und Naturschutz in Bayern (LBV) mit tendenziell weniger kleinen,https://image.stern.de/36053460/t/U2/v1/w1440/r1.7778/-/14--qtciazy6esv13axs2048jpeg---e92de6ed1bbdf3e6.jpg,2025-09-14T01:45:42Z,,"Kopiere den aktuellen Link
Zur Merkliste hinzufügen
Der Klimawandel verändert das Verhalten vieler Zugvögel: Manche Arten sind seltener in Bayern zu sehen. Auch sesshafte Vögel profitieren.
Angesi… [+2667 chars]",,de,'Vögel'
https://www.zeit.de/news/2025-09/15/wind-wolken-und-regen-in-hessen-erwartet,https://www.zeit.de/news/2025-09/15/wind-wolken-und-regen-in-hessen-erwartet,0,www.zeit.de,"Bewölkt und regnerisch: Wind, Wolken und Regen in Hessen erwartet","Hier finden Sie Informationen zu dem Thema „Bewölkt und regnerisch“. Lesen Sie jetzt „Wind, Wolken und Regen in Hessen erwartet“.",https://img.zeit.de/news/2025-09/15/wind-wolken-und-regen-in-hessen-erwartet-image-group/wide__1300x731,2025-09-15T04:44:53Z,,"In den nächsten Tagen können sich die Menschen in Hessen auf Wolken und Regen einstellen. Heute wechseln sich noch Sonne und Wolken bei Temperaturen zwischen 20 und 23 Grad ab, gebietsweise gibt es s… [+505 chars]",,de,'Regen'
https://www.zeit.de/news/2025-09/16/erneut-tierseuche-bei-tauben-im-tierheim-ausgebrochen,https://www.zeit.de/news/2025-09/16/erneut-tierseuche-bei-tauben-im-tierheim-ausgebrochen,0,www.zeit.de,Gefährlich nur für Vögel: Erneut Tierseuche bei Tauben im Tierheim ausgebrochen,Hier finden Sie Informationen zu dem Thema „Gefährlich nur für Vögel“. Lesen Sie jetzt „Erneut Tierseuche bei Tauben im Tierheim ausgebrochen“.,https://img.zeit.de/news/2025-09/16/erneut-tierseuche-bei-tauben-im-tierheim-ausgebrochen-image-group/wide__1300x731,2025-09-16T12:37:39Z,,"Im Berliner Tierheim ist erneut die für Vögel hochansteckende Newcastle-Krankheit ausgebrochen. Die Tierseuche sei am Montag im Taubenbestand festgestellt worden, teilte das Bezirksamt Lichtenberg mi… [+1762 chars]",,de,'Vögel'
https://www.zeit.de/news/2025-09/17/nach-regen-und-wolken-in-sachsen-kommt-sonniger-spaetsommer,https://www.zeit.de/news/2025-09/17/nach-regen-und-wolken-in-sachsen-kommt-sonniger-spaetsommer,0,www.zeit.de,Wetter: Nach Regen und Wolken in Sachsen kommt sonniger Spätsommer,Hier finden Sie Informationen zu dem Thema „Wetter“. Lesen Sie jetzt „Nach Regen und Wolken in Sachsen kommt sonniger Spätsommer“.,https://img.zeit.de/news/2025-09/17/nach-regen-und-wolken-in-sachsen-kommt-sonniger-spaetsommer-image-group/wide__1300x731,2025-09-17T05:03:51Z,,"Nach herbstlichem Wetter kehrt morgen die Sonne zurück nach Sachsen. Am Mittwoch bleibt es zunächst bewölkt mit vereinzelten Regenfällen, wie der Deutsche Wetterdienst mitteilte. Im Erzgebirge wehen … [+677 chars]",,de,'Regen'
https://www.n-tv.de/panorama/Schulkinder-retten-Vierjaehrigen-vor-dem-Ertrinken-article26037271.html,https://www.n-tv.de/panorama/Schulkinder-retten-Vierjaehrigen-vor-dem-Ertrinken-article26037271.html,0,www.n-tv.de,"""Kleine Helden, große Vorbilder"": Schulkinder retten Vierjährigen vor dem Ertrinken","Ein Sommertag, ein Sprung ins Becken – und plötzlich steht das Leben eines Vierjährigen auf der Kippe. Nur weil zwei Kinder blitzschnell reagieren, endet das Drama im Freibad nicht in einer Tragödie.",https://www.n-tv.de/img/incoming/crop26037290/6751323129-cImg_16_9-w1200/fe3e9fb85da7b917e019824886ebd8ca.jpg,2025-09-17T05:11:54Z,,"Ein Sommertag, ein Sprung ins Becken und plötzlich steht das Leben eines Vierjährigen auf der Kippe. Nur weil zwei Kinder blitzschnell reagieren, endet das Drama im Freibad nicht in einer Tragödie.
… [+1759 chars]",,de,'Freibad'
https://www.stern.de/news/tierisch-36061970.html,https://www.stern.de/news/tierisch-36061970.html,0,www.stern.de,Tierisch,Eine Ohrenscharbe landet auf einem See im US-Bundesstaat Maryland. Die Vögel aus der Familie der Kormorane sind hervorrangende Taucher.,https://image.stern.de/36061972/t/0g/v1/w1440/r1.7778/-/17--tierisch---5f26ec8a9d211772.jpg,2025-09-17T07:48:07Z,,"Zugang zu stern+statt 11,96 
 nur 1  
<ul><li>Alles von stern+ mit erstklassigen Inhalten von GEO und Capital</li><li>4 Wochen testen, dann 2,99  je Woche</li><li>jederzeit kündbar</li></ul>",,de,'Vögel'
https://www.zeit.de/news/2025-09/18/sonne-regen-und-wind-launisches-wetter-in-niedersachsen,https://www.zeit.de/news/2025-09/18/sonne-regen-und-wind-launisches-wetter-in-niedersachsen,0,www.zeit.de,"Wetter: Sonne, Regen und Wind - Launisches Wetter in Niedersachsen","Hier finden Sie Informationen zu dem Thema „Wetter“. Lesen Sie jetzt „Sonne, Regen und Wind - Launisches Wetter in Niedersachsen“.",https://img.zeit.de/news/2025-09/18/sonne-regen-und-wind-launisches-wetter-in-niedersachsen-image-group/wide__1300x731,2025-09-18T06:00:58Z,,"Das Wetter in Niedersachsen und Bremen bleibt in den kommenden Tagen wechselhaft. Laut dem Deutschen Wetterdienst (DWD) ist es am Donnerstag überwiegend bewölkt, zeitweise mit Regen oder Sprühregen. … [+780 chars]",,de,'Regen'
https://www.faz.net/aktuell/reise/die-schoensten-gaerten-in-belgien-accg-110688048.html,https://www.faz.net/aktuell/reise/die-schoensten-gaerten-in-belgien-accg-110688048.html,0,www.faz.net,"Belgische Kostbarkeiten: Nichts, was das Auge kränkt","Natur als Kunstform: Die „bemerkenswerten Gärten“ Belgiens vereinen Geschichte, Ästhetik und Spiritualität mit einer sprudelnden Wasserfülle.",https://media1.faz.net/ppmedia/w1200/aktuell/1368781842/1.10688043/facebook_teaser/nicht-nur-gut-fuer-geistige.jpg.webp,2025-09-19T04:57:11Z,,"Zu der Dame in sommerlich buntem Leinen, die er fast zwei Stunden lang durch seinen Garten Sous-Bois geführt hat, sagt Philippe Taminiaux am Ende: Auf Wiedersehen, Madame, danke für Ihren Besuch. Das… [+46 chars]",,de,'Natur'
https://www.bild.de/leben-wissen/mein-recht-verbraucherportal/ab-12-oktober-fingerabdruck-an-eu-grenzen-pflicht-68ca6d74416a177d432ad6ca,https://www.bild.de/leben-wissen/mein-recht-verbraucherportal/ab-12-oktober-fingerabdruck-an-eu-grenzen-pflicht-68ca6d74416a177d432ad6ca,0,www.bild.de,Der große Überblick - Ab 12. Oktober! Fingerabdruck an EU-Grenze Pflicht,"Der Oktober bringt mehr als bunte Blätter und kühle Abende. Es gelten dann auch neue Regeln und Pflichten. Zum Beispiel bei Banken, Ärzten und bei Grenzk...","https://images.bild.de/68ca6d74416a177d432ad6ca/c5425bc495d7e8e121f38fdf4b433c74,3af6e02a?w=1280",2025-09-19T10:16:44Z,,"Um den TTS Player darzustellen, brauchen wir deine Zustimmung. 
 externen Inhalt aktivieren Um eingebettete Inhalte anzuzeigen, ist Ihre jederzeit widerrufliche Einwilligung (über den Schalter oder … [+3177 chars]",,de,'Blätter'
https://www.bild.de/news/wetter/wetter-hitze-mit-bis-zu-34-grad-dann-temperatursturz-68cd1591af784b5fa5e3c513,https://www.bild.de/news/wetter/wetter-hitze-mit-bis-zu-34-grad-dann-temperatursturz-68cd1591af784b5fa5e3c513,0,www.bild.de,"Wetter am Wochenende - Hitze mit bis zu 34 Grad, dann Temperatursturz","Erst Hitze, dann Temperatursturz. Das Wetter macht einen Salto in den Herbst. Meteorologen erklären den Wetterumschwung.","https://images.bild.de/68cd1591af784b5fa5e3c513/c83f732571a2b8b36baa2f645094c319,386f9a38?w=1280",2025-09-19T20:18:06Z,,"Berlin Die Sonne gibt noch einmal alles. Das Wetter in Deutschland wird an diesem Wochenende ein Traum. Es schenkt uns ein letztes Mal Wärme, bevor die Temperatur-Kurven abstürzen. 
Nach diesem Woch… [+2701 chars]",,de,'Hitze'
https://www.zeit.de/news/2025-09/20/regen-truebt-freibadsaison-deutlich-weniger-badegaeste,https://www.zeit.de/news/2025-09/20/regen-truebt-freibadsaison-deutlich-weniger-badegaeste,0,www.zeit.de,Freibadbilanz: Regen trübt Freibadsaison: Deutlich weniger Badegäste,Hier finden Sie Informationen zu dem Thema „Freibadbilanz“. Lesen Sie jetzt „Regen trübt Freibadsaison: Deutlich weniger Badegäste“.,https://img.zeit.de/news/2025-09/20/regen-truebt-freibadsaison-deutlich-weniger-badegaeste-image-group/wide__1300x731,2025-09-20T02:00:53Z,,"Der verregnete Sommer hat den sächsischen Freibädern eine eher maue Saison eingebracht. Deutlich weniger Menschen als im Vorjahr seien zum Baden gekommen und die Bilanz sei durchwachsen, hieß es aus … [+2290 chars]",,de,'Regen'
https://www.zeit.de/news/2025-09/20/spaetsommer-am-samstag-und-regen-am-sonntag,https://www.zeit.de/news/2025-09/20/spaetsommer-am-samstag-und-regen-am-sonntag,0,www.zeit.de,Wetter: Spätsommer am Samstag und Regen am Sonntag,Hier finden Sie Informationen zu dem Thema „Wetter“. Lesen Sie jetzt „Spätsommer am Samstag und Regen am Sonntag“.,https://img.zeit.de/news/2025-09/20/spaetsommer-am-samstag-und-regen-am-sonntag-image-group/wide__1300x731,2025-09-20T06:29:20Z,,"Ein spätsommerlicher Tag erwartet die Menschen am Samstag in Berlin und Brandenburg. Die Sonne scheint und Regen wird nicht erwartet, wie der Deutsche Wetterdienst (DWD) mitteilte. Die Temperaturen e… [+661 chars]",,de,'Regen'
https://www.tagesspiegel.de/berlin/wetter-spatsommer-am-samstag-und-regen-am-sonntag-14358965.html,https://www.tagesspiegel.de/berlin/wetter-spatsommer-am-samstag-und-regen-am-sonntag-14358965.html,0,www.tagesspiegel.de,Wetter: Spätsommer am Samstag und Regen am Sonntag,Der Spätsommer zeigt sich noch einmal in Berlin und Brandenburg. Ausflüge sollten am Samstag gemacht werden – denn schon am Sonntag kippt das Wetter wieder.,https://www.tagesspiegel.de/images/14358962/alternates/BASE_16_9_W1400/1758349828000/morgens-in-brandenburg.jpeg,2025-09-20T06:30:28Z,,"Ein spätsommerlicher Tag erwartet die Menschen am Samstag in Berlin und Brandenburg. Die Sonne scheint und Regen wird nicht erwartet, wie der Deutsche Wetterdienst (DWD) mitteilte. Die Temperaturen e… [+715 chars]",,de,'Regen'
https://www.zeit.de/news/2025-09/20/sonne-und-31-grad-doch-danach-zieht-der-herbst-ein,https://www.zeit.de/news/2025-09/20/sonne-und-31-grad-doch-danach-zieht-der-herbst-ein,0,www.zeit.de,Wetter: Sonne und 31 Grad – doch danach zieht der Herbst ein,Hier finden Sie Informationen zu dem Thema „Wetter“. Lesen Sie jetzt „Sonne und 31 Grad – doch danach zieht der Herbst ein“.,https://img.zeit.de/news/2025-09/20/sonne-und-31-grad-doch-danach-zieht-der-herbst-ein-image-group/wide__1300x731,2025-09-20T07:22:10Z,,"Ein spätsommerlicher Tag erwartet die Menschen am Samstag in Sachsen-Anhalt. Die Sonne wird scheinen und Regen nicht erwartet, wie der Deutsche Wetterdienst (DWD) mitteilte. Es wird sehr warm mit Tem… [+734 chars]",,de,'Sonne'
https://www.zeit.de/news/2025-09/20/bis-zu-31-grad-in-sachsen-danach-kommt-der-regen,https://www.zeit.de/news/2025-09/20/bis-zu-31-grad-in-sachsen-danach-kommt-der-regen,0,www.zeit.de,Wetter: Bis zu 31 Grad in Sachsen – danach kommt der Regen,Hier finden Sie Informationen zu dem Thema „Wetter“. Lesen Sie jetzt „Bis zu 31 Grad in Sachsen – danach kommt der Regen“.,https://img.zeit.de/news/2025-09/20/bis-zu-31-grad-in-sachsen-danach-kommt-der-regen-image-group/wide__1300x731,2025-09-20T07:59:58Z,,"Ein spätsommerlicher Tag erwartet die Menschen am Samstag in Sachsen. Die Sonne scheint Regen wird nicht erwartet, wie der Deutsche Wetterdienst (DWD) mitteilte. Es wird sehr warm mit Temperaturen vo… [+747 chars]",,de,'Regen'
https://www.faz.net/aktuell/stil/mode-design/kuenstlerin-isabella-ducrot-mit-60-sind-frauen-endlich-frei-110693838.html,https://www.faz.net/aktuell/stil/mode-design/kuenstlerin-isabella-ducrot-mit-60-sind-frauen-endlich-frei-110693838.html,0,www.faz.net,"Künstlerin Isabella Ducrot: „Wenn wir nutzlos für die Natur geworden sind, sind Frauen endlich frei“",Isabella Ducrot kam spät zur Kunst – ihren Erfolg feierte sie noch später: Mit Anfang 90 hatte sie ihre erste Einzelausstellung und entwarf die Dekoration für eine Schau von Dior. Ein Besuch bei der Künstlerin in Rom.,https://media1.faz.net/ppmedia/w1200/aktuell/2818686466/1.10693911/facebook_teaser/spaet-beruehmt-frueh-befreit.jpg.webp,2025-09-21T19:03:31Z,,"Homer hatte vom Weben keine Ahnung. Das gehört zu den Erkenntnissen eines Gesprächs mit Isabella Ducrot. Sie weiß alles vom Weben, von der Magie zwischen Kette und Schuss, Text und Textilien, Sprache… [+22544 chars]",,de,'Natur'
