,phrase,label,sentiment,subjectivity,language,count,geonames,geotype,latitude,longitude,country,ipcc
Honda,Honda,ORG,0.07212885154061625,0.23907563025210082,en,17,,,,,,
Chadster,Chadster,ORG,-0.14489850889850892,0.4441468253968254,en,15,,,,,,
Disney World,Disney World,ORG,0.1582070707070707,0.45774711399711393,en,14,,,,,,
Amazon,Amazon,ORG,0.2078414010232192,0.4057556080283353,en,11,,,,,,
No Reserve,No Reserve,ORG,0.02976190476190476,0.007142857142857143,en,10,,,,,,
BBC,BBC,ORG,0.0,0.011111111111111112,en,9,,,,,,
UN,UN,ORG,0.10092592592592593,0.2682407407407407,en,9,,,,,,
LifeStraw,LifeStraw,ORG,0.15178571428571427,0.2785714285714286,en,8,,,,,,
NATO,NATO,ORG,0.12708333333333333,0.3357142857142857,en,7,,,,,,
ZDNET,ZDNET,ORG,0.09523809523809523,0.21904761904761902,en,7,,,,,,
Brit +…,Brit +…,ORG,0.0,0.0,en,6,,,,,,
"Brit + Co
Leggo","Brit + Co
Leggo",ORG,0.0,0.0,en,6,,,,,,
AEW WrestleDream,AEW WrestleDream,ORG,-0.125,0.4354166666666666,en,6,,,,,,
AEW,AEW,ORG,-0.28583333333333333,0.5177083333333333,en,6,,,,,,
Sports,Sports,ORG,-0.343,0.6212500000000001,en,5,,,,,,
Disney,Disney,ORG,0.1,0.5066666666666666,en,5,,,,,,
Nespresso,Nespresso,ORG,0.3743939393939394,0.45186868686868686,en,5,,,,,,
Mercedes-Benz,Mercedes-Benz,ORG,0.08613636363636364,0.31295454545454543,en,5,,,,,,
COP30,COP30,ORG,-0.08333333333333333,0.125,en,4,,,,,,
The Independent,The Independent,ORG,0.029318181818181823,0.13741477272727273,en,4,,,,,,
Big Tech,Big Tech,ORG,0.029318181818181823,0.13741477272727273,en,4,,,,,,
NCAA,NCAA,ORG,-0.03333333333333333,0.08125,en,4,,,,,,
AEW Dynamite,AEW Dynamite,ORG,-0.625,0.5818452380952381,en,4,,,,,,
Netflix,Netflix,ORG,-0.16666666666666669,0.26458333333333334,en,4,,,,,,
Google,Google,ORG,0.0,0.0,en,4,,,,,,
Nike,Nike,ORG,0.1630681818181818,0.3409090909090909,en,4,,,,,,
Peanuts,Peanuts,ORG,0.16944444444444443,0.25555555555555554,en,3,,,,,,
Trump,Trump,ORG,0.08472222222222221,0.06666666666666667,en,3,,,,,,
Microplastics,Microplastics,ORG,0.08333333333333333,0.0,en,3,,,,,,
Inter Milan,Inter Milan,ORG,0.3347222222222223,0.19999999999999998,en,3,,,,,,
Landmark Paris Agreement,Landmark Paris Agreement,ORG,-0.30000000000000004,0.26666666666666666,en,3,,,,,,
AP,AP,ORG,0.019444444444444448,0.2777777777777778,en,3,,,,,,
The Nation,The Nation,ORG,0.25,0.2222222222222222,en,3,,,,,,
NewsNation,NewsNation,ORG,0.05833333333333334,0.15555555555555556,en,3,,,,,,
HelloNation,HelloNation,ORG,-0.09999999999999999,0.0,en,3,,,,,,
NBA,NBA,ORG,-0.2861111111111111,0.3736111111111111,en,3,,,,,,
Invaders,Invaders,ORG,0.15,0.2333333333333333,en,3,,,,,,
United Nations,United Nations,ORG,0.015757575757575755,0.0,en,3,,,,,,
Snoopy,Snoopy,ORG,0.03888888888888888,0.12777777777777777,en,3,,,,,,
Studio Ghibli,Studio Ghibli,ORG,0.18275613275613276,0.2150793650793651,en,3,,,,,,
Brighton,Brighton,ORG,-0.09999999999999999,0.3,en,3,,,,,,
Star Group,Star Group,ORG,-0.19999999999999998,0.3333333333333333,en,3,,,,,,
Mercedes-Benz 280SL,Mercedes-Benz 280SL,ORG,0.0909090909090909,0.30303030303030304,en,3,,,,,,
AEW Collision,AEW Collision,ORG,-0.34,0.5333333333333333,en,3,,,,,,
Guinness World Records,Guinness World Records,ORG,0.16666666666666666,0.16666666666666666,en,3,,,,,,
Texas Sidecar Company,Texas Sidecar Company,ORG,-0.08181818181818182,0.2636363636363636,en,2,,,,,,
Casino Outfits & Dress Code,Casino Outfits & Dress Code,ORG,-0.015625000000000014,0.26458333333333334,en,2,,,,,,
Dragon Red,Dragon Red,ORG,-0.08181818181818182,0.2636363636363636,en,2,,,,,,
Corning,Corning,ORG,0.4,0.4,en,2,,,,,,
Jollywood Nights,Jollywood Nights,ORG,0.225,0.0,en,2,,,,,,
Medium Blue,Medium Blue,ORG,0.0,0.05,en,2,,,,,,
Environment Agency,Environment Agency,ORG,0.06666666666666667,0.19444444444444445,en,2,,,,,,
Yorkshire Water,Yorkshire Water,ORG,0.17916666666666667,0.20833333333333334,en,2,,,,,,
Indian Cinema,Indian Cinema,ORG,0.0,0.0,en,2,,,,,,
the National Weather Service,the National Weather Service,ORG,-0.19999999999999998,0.15,en,2,,,,,,
AQI,AQI,ORG,-0.15000000000000002,0.375,en,2,,,,,,
Lincoln University,Lincoln University,ORG,-0.3,0.2,en,2,,,,,,
AEW WrestleDream ️,AEW WrestleDream ️,ORG,-0.01431818181818181,0.33999999999999997,en,2,,,,,,
Track Your Life,Track Your Life,ORG,0.18333333333333335,0.16666666666666666,en,2,,,,,,
UPS,UPS,ORG,-0.05,0.025,en,2,,,,,,
Launceston General Hospital,Launceston General Hospital,ORG,-0.1357142857142857,0.37797619047619047,en,2,,,,,,
Vrije Universiteit Brussel,Vrije Universiteit Brussel,ORG,0.13636363636363635,0.22727272727272727,en,2,,,,,,
Duct Pros Solutions Cleaning,Duct Pros Solutions Cleaning,ORG,0.0,0.0,en,2,,,,,,
Skyline Roofing and Contracting,Skyline Roofing and Contracting,ORG,0.0,0.0,en,2,,,,,,
Desert Pulse,Desert Pulse,ORG,0.16875,0.4375,en,2,,,,,,
Taliban,Taliban,ORG,0.019047619047619046,0.2380952380952381,en,2,,,,,,
wagamama Arlington,wagamama Arlington,ORG,0.4,0.31666666666666665,en,2,,,,,,
Bloomberg,Bloomberg,ORG,0.171875,0.20625,en,2,,,,,,
"Jacobs, Mitchell, Harvey, Zukin","Jacobs, Mitchell, Harvey, Zukin",ORG,0.18333333333333335,0.14444444444444446,en,2,,,,,,
Weekly Climate and Energy News Roundup,Weekly Climate and Energy News Roundup,ORG,0.0,0.0,en,2,,,,,,
Londolozi Game Reserve,Londolozi Game Reserve,ORG,-0.21666666666666667,0.2,en,2,,,,,,
Trinity College Dublin,Trinity College Dublin,ORG,-0.125,0.125,en,2,,,,,,
AC,AC,ORG,0.375,0.4375,en,2,,,,,,
TMZ,TMZ,ORG,0.08124999999999999,0.24375000000000002,en,2,,,,,,
Jets,Jets,ORG,0.0,0.0,en,2,,,,,,
ExxonMobil,ExxonMobil,ORG,0.3190476190476191,0.15476190476190477,en,2,,,,,,
Short Stories,Short Stories,ORG,0.006666666666666675,0.2,en,2,,,,,,
Children’s Health,Children’s Health,ORG,0.006666666666666675,0.2,en,2,,,,,,
Cuisine Lebanon,Cuisine Lebanon,ORG,0.006666666666666675,0.2,en,2,,,,,,
Blog Magazine Weekly Round,Blog Magazine Weekly Round,ORG,0.006666666666666675,0.2,en,2,,,,,,
India News,India News,ORG,-0.036666666666666674,0.13499999999999998,en,2,,,,,,
Rhodes,Rhodes,ORG,0.15000000000000002,0.375,en,2,,,,,,
Lincoln University's,Lincoln University's,ORG,-0.3,0.2,en,2,,,,,,
Safe+sound Guidelines Coptic Orthodox Church,Safe+sound Guidelines Coptic Orthodox Church,ORG,-0.014285714285714304,0.2785714285714285,en,2,,,,,,
The International Energy Agency,The International Energy Agency,ORG,0.004166666666666662,0.15260416666666665,en,2,,,,,,
Hospital,Hospital,ORG,0.05000000000000002,0.25,en,2,,,,,,
Shelter,Shelter,ORG,0.17261904761904762,0.2708333333333333,en,2,,,,,,
Target,Target,ORG,0.3208333333333333,0.425,en,2,,,,,,
Mitsubishi Electric,Mitsubishi Electric,ORG,-0.016666666666666663,0.3666666666666667,en,2,,,,,,
fe,fe,ORG,0.32499999999999996,0.225,en,2,,,,,,
The Bad News Bears,The Bad News Bears,ORG,-0.3624999999999999,0.33194444444444443,en,2,,,,,,
White House,White House,ORG,0.0,0.0,en,2,,,,,,
the Miami Heat,the Miami Heat,ORG,-0.4333333333333333,0.3,en,2,,,,,,
ASLA,ASLA,ORG,0.0,0.0,en,2,,,,,,
The St. Regis Venice,The St. Regis Venice,ORG,0.1611111111111111,0.24166666666666667,en,2,,,,,,
CO2,CO2,ORG,-0.012499999999999999,0.1638888888888889,en,2,,,,,,
The Bureau of Meteorology,The Bureau of Meteorology,ORG,0.0,0.038461538461538464,en,2,,,,,,
Lancet Countdown,Lancet Countdown,ORG,-0.025,0.2575,en,2,,,,,,
the Paul John Visitor Centre,the Paul John Visitor Centre,ORG,0.2625,0.30833333333333335,en,2,,,,,,
Kiki’s Delivery Service,Kiki’s Delivery Service,ORG,0.20595238095238097,0.0,en,2,,,,,,
Summit,Summit,ORG,0.13636363636363635,0.22727272727272727,en,2,,,,,,
Newsom,Newsom,ORG,0.0,0.0,en,2,,,,,,
This Strawberry Hot Chocolate,This Strawberry Hot Chocolate,ORG,0.24583333333333335,0.2027777777777778,en,2,,,,,,
Slurpee,Slurpee,ORG,0.1875,0.37916666666666665,en,2,,,,,,
Emoco Analytics Service,Emoco Analytics Service,ORG,0.03333333333333334,0.2,en,2,,,,,,
RD,RD,ORG,0.1517857142857143,0.0,en,2,,,,,,
NYSE,NYSE,ORG,-0.3,0.25,en,2,,,,,,
SGU,SGU,ORG,-0.3,0.25,en,2,,,,,,
Click Frenzy,Click Frenzy,ORG,0.1733189033189033,0.3369047619047619,en,2,,,,,,
AI,AI,ORG,0.25,0.16666666666666666,en,2,,,,,,
The Pastor Chris Congregation,The Pastor Chris Congregation,ORG,0.04,0.15166666666666664,en,2,,,,,,
Town Hall Miracle,Town Hall Miracle,ORG,0.1375,0.18333333333333335,en,2,,,,,,
Aldi,Aldi,ORG,0.28909090909090907,0.13999999999999999,en,2,,,,,,
Olympique de Marseille,Olympique de Marseille,ORG,0.18333333333333335,0.325,en,2,,,,,,
NEIVANMADE,NEIVANMADE,ORG,-0.1,0.0,en,2,,,,,,
BaT,BaT,ORG,-0.041666666666666664,0.059523809523809514,en,2,,,,,,
Future Proof,Future Proof,ORG,0.0,0.03125,en,2,,,,,,
Chelsea,Chelsea,ORG,0.25,0.25,en,2,,,,,,
Yahoo,Yahoo,ORG,0.08,0.26999999999999996,en,2,,,,,,
Mitsubishi,Mitsubishi,ORG,0.3,0.0,en,1,,,,,,
The Paul John Visitor Centre,The Paul John Visitor Centre,ORG,0.525,0.0,en,1,,,,,,
bloodstream</li,bloodstream</li,ORG,0.8,0.0,en,1,,,,,,
DBG,DBG,ORG,0.3375,0.0,en,1,,,,,,
Big Dean Hurley,Big Dean Hurley,ORG,0.33,0.0,en,1,,,,,,
Down Under,Down Under,ORG,-0.18444444444444447,0.0,en,1,,,,,,
Nouvelle Vague Review,Nouvelle Vague Review,ORG,0.03409090909090909,0.0,en,1,,,,,,
Checkout,Checkout,ORG,0.0,0.0,en,1,,,,,,
UPS Plane Crash,UPS Plane Crash,ORG,0.1,0.0,en,1,,,,,,
the Chicago Teachers Union,the Chicago Teachers Union,ORG,0.0,0.0,en,1,,,,,,
NYC,NYC,ORG,0.5,0.0,en,1,,,,,,
The Hechinger Report,The Hechinger Report,ORG,0.125,0.0,en,1,,,,,,
Time,Time,ORG,0.125,0.0,en,1,,,,,,
PGA Tour,PGA Tour,ORG,0.3,0.0,en,1,,,,,,
Griffin,Griffin,ORG,0.0,0.0,en,1,,,,,,
&amp,&amp,ORG,0.0,0.0,en,1,,,,,,
Newstalk,Newstalk,ORG,0.24333333333333335,0.0,en,1,,,,,,
CRIÚ,CRIÚ,ORG,0.0,0.0,en,1,,,,,,
the Center for Oldest Ice Exploration,the Center for Oldest Ice Exploration,ORG,0.03333333333333333,0.0,en,1,,,,,,
"Xu, H. Multilayer","Xu, H. Multilayer",ORG,0.0,0.0,en,1,,,,,,
Neuropat,Neuropat,ORG,0.0,0.0,en,1,,,,,,
LDPE,LDPE,ORG,0.255,0.0,en,1,,,,,,
DMEM,DMEM,ORG,0.4,0.0,en,1,,,,,,
FAA,FAA,ORG,0.0,0.0,en,1,,,,,,
Catastrophic',Catastrophic',ORG,-0.13333333333333333,0.0,en,1,,,,,,
ITO,ITO,ORG,0.0,0.0,en,1,,,,,,
Sci-Fi Stories,Sci-Fi Stories,ORG,-0.2,0.0,en,1,,,,,,
Zion,Zion,ORG,0.0,0.0,en,1,,,,,,
Family Features),Family Features),ORG,-0.10000000000000003,0.0,en,1,,,,,,
ulipristal,ulipristal,ORG,0.0,0.0,en,1,,,,,,
UA,UA,ORG,0.0,0.0,en,1,,,,,,
Theater,Theater,ORG,-0.3499999999999999,0.0,en,1,,,,,,
Craftwell Cocktail,Craftwell Cocktail,ORG,0.0,0.0,en,1,,,,,,
Getting Dehydrated,Getting Dehydrated,ORG,0.0,0.0,en,1,,,,,,
Kidney Kitchen,Kidney Kitchen,ORG,0.1,0.0,en,1,,,,,,
Forget,Forget,ORG,-0.20833333333333331,0.0,en,1,,,,,,
Bangko,Bangko,ORG,0.0,0.0,en,1,,,,,,
Louisvilles Muhammad Ali International Airport,Louisvilles Muhammad Ali International Airport,ORG,-0.1,0.0,en,1,,,,,,
Farmer,Farmer,ORG,0.24333333333333335,0.0,en,1,,,,,,
Craftwell Cocktails,Craftwell Cocktails,ORG,0.5,0.0,en,1,,,,,,
the Elphaba & Glinda,the Elphaba & Glinda,ORG,0.0,0.0,en,1,,,,,,
COLDEX,COLDEX,ORG,0.03333333333333333,0.0,en,1,,,,,,
United Parcel Service,United Parcel Service,ORG,-0.1,0.0,en,1,,,,,,
Taco Bell,Taco Bell,ORG,0.11818181818181818,0.0,en,1,,,,,,
Ossa Super Pioneer,Ossa Super Pioneer,ORG,0.16666666666666666,0.0,en,1,,,,,,
Landscape Architects Will Show How Design Improves Nature,Landscape Architects Will Show How Design Improves Nature,ORG,0.0,0.0,en,1,,,,,,
Global Civilisation Initiative,Global Civilisation Initiative,ORG,0.0,0.0,en,1,,,,,,
Asean,Asean,ORG,0.0,0.0,en,1,,,,,,
CE,CE,ORG,0.0,0.0,en,1,,,,,,
IBARAKI,IBARAKI,ORG,-0.0375,0.0,en,1,,,,,,
Quantum Flowers & Foods,Quantum Flowers & Foods,ORG,-0.0375,0.0,en,1,,,,,,
the UN Framework Convent,the UN Framework Convent,ORG,0.0,0.0,en,1,,,,,,
The American Society of Landscape Architects,The American Society of Landscape Architects,ORG,0.0,0.0,en,1,,,,,,
Solutions to Climate Change and Biodiversity Loss,Solutions to Climate Change and Biodiversity Loss,ORG,0.0,0.0,en,1,,,,,,
Trends Plant Sci,Trends Plant Sci,ORG,0.0,0.0,en,1,,,,,,
Yamaha,Yamaha,ORG,0.0,0.0,en,1,,,,,,
Yamaguchi-Shinozaki K. Transcriptional,Yamaguchi-Shinozaki K. Transcriptional,ORG,0.0,0.0,en,1,,,,,,
Sato H,Sato H,ORG,0.0,0.0,en,1,,,,,,
Stanford University,Stanford University,ORG,0.0,0.0,en,1,,,,,,
the Institutional Animal Care and Use Committees,the Institutional Animal Care and Use Committees,ORG,0.0,0.0,en,1,,,,,,
PLoS One,PLoS One,ORG,0.0,0.0,en,1,,,,,,
C45,C45,ORG,0.3,0.0,en,1,,,,,,
Daily Skeptic,Daily Skeptic,ORG,0.0625,0.0,en,1,,,,,,
Honda Z50A Mini Trail,Honda Z50A Mini Trail,ORG,0.0,0.0,en,1,,,,,,
University of the Witwatersrand,University of the Witwatersrand,ORG,0.29545454545454547,0.0,en,1,,,,,,
"University of the Witwatersrand
","University of the Witwatersrand
",ORG,0.29545454545454547,0.0,en,1,,,,,,
Review Bias,Review Bias,ORG,0.0,0.0,en,1,,,,,,
"Channel

 ","Channel

 ",ORG,0.047272727272727265,0.0,en,1,,,,,,
IEA,IEA,ORG,-0.16666666666666666,0.0,en,1,,,,,,
the World Wide Technology Championship,the World Wide Technology Championship,ORG,-0.1,0.0,en,1,,,,,,
Butterfield Bermuda Championship,Butterfield Bermuda Championship,ORG,0.0,0.0,en,1,,,,,,
NHS Research Ethics Committee,NHS Research Ethics Committee,ORG,0.05,0.0,en,1,,,,,,
Cavs,Cavs,ORG,0.4,0.0,en,1,,,,,,
House,House,ORG,0.0,0.0,en,1,,,,,,
Senate,Senate,ORG,0.0,0.0,en,1,,,,,,
N=10,N=10,ORG,0.0,0.0,en,1,,,,,,
Universal,Universal,ORG,0.0,0.0,en,1,,,,,,
"Pexels/Reddit
Leaders","Pexels/Reddit
Leaders",ORG,-0.6,0.0,en,1,,,,,,
"Ultra-Processed Foods: Concerns, Controversies","Ultra-Processed Foods: Concerns, Controversies",ORG,0.0,0.0,en,1,,,,,,
DeMilked,DeMilked,ORG,0.2833333333333334,0.0,en,1,,,,,,
Baseball,Baseball,ORG,0.5,0.0,en,1,,,,,,
Cy Young,Cy Young,ORG,0.3,0.0,en,1,,,,,,
MVP,MVP,ORG,0.3,0.0,en,1,,,,,,
the Paris Agreement,the Paris Agreement,ORG,0.25,0.0,en,1,,,,,,
the Global Ethical Stocktake,the Global Ethical Stocktake,ORG,0.047272727272727265,0.0,en,1,,,,,,
spre,spre,ORG,0.0,0.0,en,1,,,,,,
Starmer,Starmer,ORG,0.0,0.0,en,1,,,,,,
LGH,LGH,ORG,0.0,0.0,en,1,,,,,,
Warriors,Warriors,ORG,0.09166666666666669,0.0,en,1,,,,,,
N/A Cosmopolitan,N/A Cosmopolitan,ORG,0.26666666666666666,0.0,en,1,,,,,,
Philly,Philly,ORG,0.16818181818181818,0.0,en,1,,,,,,
TSSAA,TSSAA,ORG,-0.4,0.0,en,1,,,,,,
IndieWire,IndieWire,ORG,0.16666666666666666,0.0,en,1,,,,,,
Keihin,Keihin,ORG,-0.03571428571428571,0.0,en,1,,,,,,
ENSO,ENSO,ORG,-0.03571428571428571,0.0,en,1,,,,,,
Give Thanks Party,Give Thanks Party,ORG,0.3672727272727273,0.0,en,1,,,,,,
Magic,Magic,ORG,0.09166666666666669,0.0,en,1,,,,,,
Lakers,Lakers,ORG,-0.45,0.0,en,1,,,,,,
CVT,CVT,ORG,-0.047619047619047616,0.0,en,1,,,,,,
the State of Wildfires,the State of Wildfires,ORG,0.13636363636363635,0.0,en,1,,,,,,
Burnt Toast Theory,Burnt Toast Theory,ORG,-0.075,0.0,en,1,,,,,,
Primland Res,Primland Res,ORG,-0.2,0.0,en,1,,,,,,
Parmigiano-Reggiano,Parmigiano-Reggiano,ORG,-0.1,0.0,en,1,,,,,,
fede,fede,ORG,0.3232323232323232,0.0,en,1,,,,,,
the Arc Institute Stem Cell Research Oversight Com,the Arc Institute Stem Cell Research Oversight Com,ORG,0.0,0.0,en,1,,,,,,
Scriptnotes,Scriptnotes,ORG,0.0,0.0,en,1,,,,,,
The Weather Network,The Weather Network,ORG,0.0,0.0,en,1,,,,,,
sce,sce,ORG,0.0,0.0,en,1,,,,,,
Newsweek,Newsweek,ORG,0.0,0.0,en,1,,,,,,
Energy,Energy,ORG,0.0,0.0,en,1,,,,,,
High Court,High Court,ORG,0.08,0.0,en,1,,,,,,
Christian Dior Limited Edition,Christian Dior Limited Edition,ORG,-0.03571428571428571,0.0,en,1,,,,,,
Vespa,Vespa,ORG,-0.03571428571428571,0.0,en,1,,,,,,
UPSC,UPSC,ORG,0.4,0.0,en,1,,,,,,
National Legal Services Day,National Legal Services Day,ORG,0.1,0.0,en,1,,,,,,
UPSC Key:,UPSC Key:,ORG,0.1,0.0,en,1,,,,,,
Hollywood Studios,Hollywood Studios,ORG,0.45,0.0,en,1,,,,,,
Brew Solar Powered Coffee,Brew Solar Powered Coffee,ORG,0.0,0.0,en,1,,,,,,
Mustang,Mustang,ORG,0.0,0.0,en,1,,,,,,
The Sun,The Sun,ORG,0.2,0.0,en,1,,,,,,
Gaggia,Gaggia,ORG,0.40606060606060607,0.0,en,1,,,,,,
Olympic Air,Olympic Air,ORG,0.5,0.0,en,1,,,,,,
NSD,NSD,ORG,0.2,0.0,en,1,,,,,,
w/Texas Sidecar Company,w/Texas Sidecar Company,ORG,0.0,0.0,en,1,,,,,,
Solar Panels,Solar Panels,ORG,0.0,0.0,en,1,,,,,,
basketbal,basketbal,ORG,-0.13333333333333333,0.0,en,1,,,,,,
Miami Heat,Miami Heat,ORG,0.06444444444444444,0.0,en,1,,,,,,
SSC,SSC,ORG,0.08,0.0,en,1,,,,,,
Breathing Issues,Breathing Issues,ORG,0.19999999999999998,0.0,en,1,,,,,,
Hearst Magazines,Hearst Magazines,ORG,0.0,0.0,en,1,,,,,,
Drosera regina,Drosera regina,ORG,0.0,0.0,en,1,,,,,,
Palmer,Palmer,ORG,0.05,0.0,en,1,,,,,,
Verge,Verge,ORG,0.0,0.0,en,1,,,,,,
Porsches,Porsches,ORG,0.35,0.0,en,1,,,,,,
Ferraris,Ferraris,ORG,0.35,0.0,en,1,,,,,,
OpenAI Needs,OpenAI Needs,ORG,0.0,0.0,en,1,,,,,,
negeative energy & more,negeative energy & more,ORG,0.75,0.0,en,1,,,,,,
The Environment Agency,The Environment Agency,ORG,0.225,0.0,en,1,,,,,,
Seminole Gambling Establishment Hotel Immokalee Programs,Seminole Gambling Establishment Hotel Immokalee Programs,ORG,-0.2,0.0,en,1,,,,,,
Stargate AI,Stargate AI,ORG,-0.1,0.0,en,1,,,,,,
Clean Air Fund,Clean Air Fund,ORG,0.3666666666666667,0.0,en,1,,,,,,
"Cocktail, Carajillo de la Muerte","Cocktail, Carajillo de la Muerte",ORG,0.9,0.0,en,1,,,,,,
Kamara,Kamara,ORG,0.25,0.0,en,1,,,,,,
New Orleans Saints',New Orleans Saints',ORG,0.13318181818181818,0.0,en,1,,,,,,
L.P. Declares,L.P. Declares,ORG,0.0,0.0,en,1,,,,,,
Femenia T,Femenia T,ORG,0.7,0.0,en,1,,,,,,
Isla AG,Isla AG,ORG,0.7,0.0,en,1,,,,,,
Climate Central,Climate Central,ORG,-0.15454545454545454,0.0,en,1,,,,,,
the Land of Broken Dreams,the Land of Broken Dreams,ORG,-0.26666666666666666,0.0,en,1,,,,,,
"Hunan SJA Laboratory Animal Co.,","Hunan SJA Laboratory Animal Co.,",ORG,-0.14285714285714285,0.0,en,1,,,,,,
+21095,+21095,ORG,0.0,0.0,en,1,,,,,,
Matt McGrathBBC,Matt McGrathBBC,ORG,0.25,0.0,en,1,,,,,,
Lightspeed Magazine,Lightspeed Magazine,ORG,0.4,0.0,en,1,,,,,,
mercedes,mercedes,ORG,-0.04999999999999999,0.0,en,1,,,,,,
the Carolina Panthers,the Carolina Panthers,ORG,0.0,0.0,en,1,,,,,,
Panthers,Panthers,ORG,0.0,0.0,en,1,,,,,,
Justin Fields,Justin Fields,ORG,0.0,0.0,en,1,,,,,,
Samsung,Samsung,ORG,0.5,0.0,en,1,,,,,,
Humourwordpress.com,Humourwordpress.com,ORG,0.08000000000000002,0.0,en,1,,,,,,
World Food,World Food,ORG,-0.06060606060606061,0.0,en,1,,,,,,
Attica & western,Attica & western,ORG,-0.05,0.0,en,1,,,,,,
AEW WrestleDream Live:,AEW WrestleDream Live:,ORG,0.4681818181818182,0.0,en,1,,,,,,
Mercedes Money Breaks Ultimo Dragon Record,Mercedes Money Breaks Ultimo Dragon Record,ORG,0.13636363636363635,0.0,en,1,,,,,,
acco,acco,ORG,0.25,0.0,en,1,,,,,,
AEW WrestleDream Live,AEW WrestleDream Live,ORG,0.13636363636363635,0.0,en,1,,,,,,
the Bureau of Meteorology's,the Bureau of Meteorology's,ORG,0.0,0.0,en,1,,,,,,
BOM,BOM,ORG,0.2275,0.0,en,1,,,,,,
un,un,ORG,0.0,0.0,en,1,,,,,,
Clash Royale,Clash Royale,ORG,0.0,0.0,en,1,,,,,,
AEW WrestleDream Preview,AEW WrestleDream Preview,ORG,0.0,0.0,en,1,,,,,,
CNN,CNN,ORG,-0.4,0.0,en,1,,,,,,
+10755,+10755,ORG,0.0,0.0,en,1,,,,,,
WoodAmazon,WoodAmazon,ORG,0.09545454545454546,0.0,en,1,,,,,,
FBS,FBS,ORG,0.25,0.0,en,1,,,,,,
Best Roald Dahl Film Adaptations,Best Roald Dahl Film Adaptations,ORG,1.0,0.0,en,1,,,,,,
AllEars,AllEars,ORG,0.037500000000000006,0.0,en,1,,,,,,
constru,constru,ORG,-0.08333333333333333,0.0,en,1,,,,,,
Franken,Franken,ORG,0.375,0.0,en,1,,,,,,
the Medical Experimental Animal Care Commission of Zhejiang University,the Medical Experimental Animal Care Commission of Zhejiang University,ORG,0.06666666666666667,0.0,en,1,,,,,,
the Guide for the Care and Use of Laboratory Animals,the Guide for the Care and Use of Laboratory Animals,ORG,0.06666666666666667,0.0,en,1,,,,,,
translat,translat,ORG,0.06666666666666667,0.0,en,1,,,,,,
β-catenin,β-catenin,ORG,0.06666666666666667,0.0,en,1,,,,,,
U34,U34,ORG,0.0,0.0,en,1,,,,,,
the Truth Behind Tylenol,the Truth Behind Tylenol,ORG,0.04999999999999999,0.0,en,1,,,,,,
We Crowned the Top Chicken Strips,We Crowned the Top Chicken Strips,ORG,0.037500000000000006,0.0,en,1,,,,,,
Walmart,Walmart,ORG,0.31428571428571433,0.0,en,1,,,,,,
the Mises Institute,the Mises Institute,ORG,0.21944444444444441,0.0,en,1,,,,,,
the Infantilization of Culture,the Infantilization of Culture,ORG,0.0,0.0,en,1,,,,,,
"Pexels/Reddit
","Pexels/Reddit
",ORG,0.35,0.0,en,1,,,,,,
the University of Tokyo,the University of Tokyo,ORG,0.3333333333333333,0.0,en,1,,,,,,
7-Eleven Hawaii Cinnamon,7-Eleven Hawaii Cinnamon,ORG,0.16666666666666666,0.0,en,1,,,,,,
Natural Gas Industry,Natural Gas Industry,ORG,-0.05000000000000001,0.0,en,1,,,,,,
the U.S. Marine Corps,the U.S. Marine Corps,ORG,0.3666666666666667,0.0,en,1,,,,,,
Military Dramedy,Military Dramedy,ORG,0.12499999999999999,0.0,en,1,,,,,,
PilB,PilB,ORG,-0.125,0.0,en,1,,,,,,
WWE Raw Review,WWE Raw Review,ORG,-0.06538461538461539,0.0,en,1,,,,,,
WWE Raw,WWE Raw,ORG,-0.25961538461538464,0.0,en,1,,,,,,
WWE,WWE,ORG,0.5,0.0,en,1,,,,,,
Xinhua / Alamy,Xinhua / Alamy,ORG,-0.024999999999999998,0.0,en,1,,,,,,
Wildfires,Wildfires,ORG,-0.024999999999999998,0.0,en,1,,,,,,
FTC,FTC,ORG,0.14545454545454545,0.0,en,1,,,,,,
Trumps,Trumps,ORG,0.14545454545454545,0.0,en,1,,,,,,
Zooms,Zooms,ORG,0.0,0.0,en,1,,,,,,
I.I,I.I,ORG,-0.1875,0.0,en,1,,,,,,
Evergreen,Evergreen,ORG,0.1,0.0,en,1,,,,,,
pRSFDuet_His,pRSFDuet_His,ORG,0.0,0.0,en,1,,,,,,
K11/K48,K11/K48,ORG,0.0,0.0,en,1,,,,,,
K11/,K11/,ORG,0.0,0.0,en,1,,,,,,
Innovative Technology,Innovative Technology,ORG,0.5,0.0,en,1,,,,,,
PURESOLV,PURESOLV,ORG,0.5,0.0,en,1,,,,,,
Fisher,Fisher,ORG,0.4,0.0,en,1,,,,,,
Matthews ER,Matthews ER,ORG,0.0,0.0,en,1,,,,,,
The Bambu P2S,The Bambu P2S,ORG,0.375,0.0,en,1,,,,,,
The Bambu Lab P2S,The Bambu Lab P2S,ORG,0.25,0.0,en,1,,,,,,
the Bambu Lab P2S,the Bambu Lab P2S,ORG,1.0,0.0,en,1,,,,,,
Suranjana TewariAsia,Suranjana TewariAsia,ORG,0.13636363636363635,0.0,en,1,,,,,,
Health Testing,Health Testing,ORG,0.0,0.0,en,1,,,,,,
MAHA,MAHA,ORG,0.3181818181818182,0.0,en,1,,,,,,
Atmospheric Administration,Atmospheric Administration,ORG,-0.25,0.0,en,1,,,,,,
Gamblor,Gamblor,ORG,-1.0,0.0,en,1,,,,,,
Hewlett Packard Enterprise,Hewlett Packard Enterprise,ORG,0.26512987012987016,0.0,en,1,,,,,,
Navy,Navy,ORG,-0.012499999999999997,0.0,en,1,,,,,,
Dragon Quest I & II,Dragon Quest I & II,ORG,0.5833333333333334,0.0,en,1,,,,,,
McKinseys Future of Wellness,McKinseys Future of Wellness,ORG,0.3,0.0,en,1,,,,,,
Paint Stainless Steel,Paint Stainless Steel,ORG,0.2,0.0,en,1,,,,,,
Hell,Hell,ORG,-0.0698051948051948,0.0,en,1,,,,,,
O’Neill,O’Neill,ORG,0.05,0.0,en,1,,,,,,
Chillitas,Chillitas,ORG,0.0,0.0,en,1,,,,,,
V60,V60,ORG,0.55,0.0,en,1,,,,,,
Chillitas RTD,Chillitas RTD,ORG,0.0,0.0,en,1,,,,,,
BeatBox,BeatBox,ORG,0.0,0.0,en,1,,,,,,
Sustainable Options,Sustainable Options,ORG,0.5,0.0,en,1,,,,,,
iPhone Air,iPhone Air,ORG,0.3181818181818182,0.0,en,1,,,,,,
iPhone,iPhone,ORG,0.3181818181818182,0.0,en,1,,,,,,
Apple,Apple,ORG,0.25833333333333336,0.0,en,1,,,,,,
The Odd Symmetry Between Earth’s Northern,The Odd Symmetry Between Earth’s Northern,ORG,-0.10740740740740741,0.0,en,1,,,,,,
Mercedes-Benz 450SEL 6.9,Mercedes-Benz 450SEL 6.9,ORG,0.17045454545454544,0.0,en,1,,,,,,
the Ethical Committee of Northwest,the Ethical Committee of Northwest,ORG,0.13333333333333333,0.0,en,1,,,,,,
EKNZ,EKNZ,ORG,0.13333333333333333,0.0,en,1,,,,,,
BASEC,BASEC,ORG,0.13333333333333333,0.0,en,1,,,,,,
"IMC
","IMC
",ORG,0.0,0.0,en,1,,,,,,
the Wellcome Trust,the Wellcome Trust,ORG,0.1,0.0,en,1,,,,,,
Lancet,Lancet,ORG,0.0028409090909090884,0.0,en,1,,,,,,
Voice of the Free,Voice of the Free,ORG,0.04999999999999999,0.0,en,1,,,,,,
BP,BP,ORG,0.16,0.0,en,1,,,,,,
the Museum of Jesus’,the Museum of Jesus’,ORG,0.0,0.0,en,1,,,,,,
Museum of Jesus,Museum of Jesus,ORG,0.0,0.0,en,1,,,,,,
the countrys weather bureau,the countrys weather bureau,ORG,0.03333333333333333,0.0,en,1,,,,,,
NGM,NGM,ORG,-0.16666666666666666,0.0,en,1,,,,,,
FUS,FUS,ORG,0.0,0.0,en,1,,,,,,
LUNR,LUNR,ORG,0.13636363636363635,0.0,en,1,,,,,,
"Intuitive Machines,","Intuitive Machines,",ORG,0.13636363636363635,0.0,en,1,,,,,,
"BBC News
","BBC News
",ORG,0.0,0.0,en,1,,,,,,
Mart,Mart,ORG,0.024999999999999994,0.0,en,1,,,,,,
Getty Images,Getty Images,ORG,0.024999999999999994,0.0,en,1,,,,,,
WireImage,WireImage,ORG,0.024999999999999994,0.0,en,1,,,,,,
the Literary Outdoorsmen,the Literary Outdoorsmen,ORG,0.05,0.0,en,1,,,,,,
Nikita YadavBBC News,Nikita YadavBBC News,ORG,0.3333333333333333,0.0,en,1,,,,,,
Scientific American’s,Scientific American’s,ORG,0.16666666666666666,0.0,en,1,,,,,,
AEW Collision Unbiased Review,AEW Collision Unbiased Review,ORG,0.16666666666666669,0.0,en,1,,,,,,
National Council on Food and Family,National Council on Food and Family,ORG,0.65,0.0,en,1,,,,,,
IMD,IMD,ORG,0.0,0.0,en,1,,,,,,
Lunar Beverage Collection,Lunar Beverage Collection,ORG,0.06818181818181818,0.0,en,1,,,,,,
Día de los Muertos,Día de los Muertos,ORG,0.06818181818181818,0.0,en,1,,,,,,
Celebrate Día De Los Muertos With These Creative Cocktails,Celebrate Día De Los Muertos With These Creative Cocktails,ORG,0.5,0.0,en,1,,,,,,
homethat,homethat,ORG,0.0,0.0,en,1,,,,,,
Irrigation Techniques Share,Irrigation Techniques Share,ORG,-0.15454545454545454,0.0,en,1,,,,,,
"Getty
","Getty
",ORG,0.0,0.0,en,1,,,,,,
New Scientist,New Scientist,ORG,0.24318181818181817,0.0,en,1,,,,,,
BAY OF RANOBE,BAY OF RANOBE,ORG,1.0,0.0,en,1,,,,,,
The India Meteorological Department,The India Meteorological Department,ORG,0.0,0.0,en,1,,,,,,
Line25,Line25,ORG,0.0,0.0,en,1,,,,,,
Telebrands Corp.,Telebrands Corp.,ORG,0.0,0.0,en,1,,,,,,
NACHOS,NACHOS,ORG,0.125,0.0,en,1,,,,,,
City Works Eatery & Pour House,City Works Eatery & Pour House,ORG,0.0,0.0,en,1,,,,,,
the Ecology of Ownership,the Ecology of Ownership,ORG,0.0,0.0,en,1,,,,,,
Signal,Signal,ORG,0.0,0.0,en,1,,,,,,
Healt… Mercola,Healt… Mercola,ORG,0.65,0.0,en,1,,,,,,
the U.S. Department,the U.S. Department,ORG,0.65,0.0,en,1,,,,,,
AHA,AHA,ORG,0.65,0.0,en,1,,,,,,
Día de Los Muertos,Día de Los Muertos,ORG,0.3,0.0,en,1,,,,,,
HAZ,HAZ,ORG,0.18333333333333335,0.0,en,1,,,,,,
"ANNIKA HAMMERSCHLAG
","ANNIKA HAMMERSCHLAG
",ORG,0.08333333333333333,0.0,en,1,,,,,,
The Washington Post,The Washington Post,ORG,0.0,0.0,en,1,,,,,,
Casino Outfits &amp,Casino Outfits &amp,ORG,-0.03125000000000003,0.0,en,1,,,,,,
Pellicciotti,Pellicciotti,ORG,0.0,0.0,en,1,,,,,,
leas,leas,ORG,-0.3,0.0,en,1,,,,,,
BLUETTI MultiCooler,BLUETTI MultiCooler,ORG,0.025,0.0,en,1,,,,,,
The Ultimate Location Power and Cooling Solution for Photographers,The Ultimate Location Power and Cooling Solution for Photographers,ORG,0.0,0.0,en,1,,,,,,
Roasted squash,Roasted squash,ORG,0.0,0.0,en,1,,,,,,
"The Wild Man Within, Nature","The Wild Man Within, Nature",ORG,0.011111111111111118,0.0,en,1,,,,,,
Northern Australia,Northern Australia,ORG,0.0,0.0,en,1,,,,,,
Business Insider's,Business Insider's,ORG,0.375,0.0,en,1,,,,,,
the Business Insider Today,the Business Insider Today,ORG,0.375,0.0,en,1,,,,,,
San Diego State University,San Diego State University,ORG,0.17708333333333334,0.0,en,1,,,,,,
Yellowstone Prong,Yellowstone Prong,ORG,0.2525,0.0,en,1,,,,,,
Rutgers University,Rutgers University,ORG,0.14583333333333331,0.0,en,1,,,,,,
Chef Art Smith's,Chef Art Smith's,ORG,0.21818181818181817,0.0,en,1,,,,,,
Chef Art Smith,Chef Art Smith,ORG,0.13636363636363635,0.0,en,1,,,,,,
NEW Menu Items Debut,NEW Menu Items Debut,ORG,0.13636363636363635,0.0,en,1,,,,,,
AEW Dynamite Review,AEW Dynamite Review,ORG,0.0,0.0,en,1,,,,,,
BeatBox Beverages,BeatBox Beverages,ORG,0.0,0.0,en,1,,,,,,
